address,name,size,cluster,name_hypothesis,evidence_level,status,owner,flags,diff_words,source_path,pr,note
0x8000F8D0,func_8000F8D0,284,BT01,bcmp-like memory comparison; assembly candidate,HYPOTHESIS,open,,,,,,"non-C candidate only: historical label/spec lead, not sufficient proof; no privileged-opcode hit. No compiler experiment."
0x80010450,func_80010450,372,BT02,resident_queue_service_80010450,HYPOTHESIS,open,,,,,,C02; role/ABI unproved; metadata scan leads only; unclaimed matching target. Blocked-for-scoring: Direct jal reaches at/beyond declared text_end; maintainer must classify target (opcode_audit.json); no out-of-range bytes inspected.
0x800105C4,func_800105C4,88,BT02,resident_queue_service_800105C4,VERIFIED-BODY,verified_body,Astra / BT02-followon,-g0 -O2 -mips2 -G 0 -non_shared,0,cloud/matches/boot_tail/func_800105C4.c,https://github.com/cabi24/SFRush2049-decomp/pull/65,Exact peer source/ABI PASS and source-head Verify 37158886171 success on 57cbafc3bb0672a2632cfc0a40794f4da488275d. Unchanged source; proof in wave5/ci.json.
0x8001061C,func_8001061C,12,BT02,clear_audio_callback,VERIFIED-BODY,verified_body,Astra / BT02-small,-g0 -O2 -mips2 -G 0 -non_shared,0,cloud/matches/boot_tail/func_8001061C.c,https://github.com/cabi24/SFRush2049-decomp/pull/61,"BT02-small; independently reviewed source/ABI, strict full relocated MATCH and exact-source-head CI PASS at 3574dbec (run 37152316686). Source hash and provenance: wave1/reviewed_sources.json; receipt wave1/ci.json. Verified body only, no cartridge or maintainer acceptance."
0x80010628,func_80010628,236,BT02,resident_queue_service_80010628,VERIFIED-BODY,verified_body,Astra / BT02-larger,-g0 -O2 -mips2 -G 0 -non_shared,0,cloud/matches/boot_tail/func_80010628.c,https://github.com/cabi24/SFRush2049-decomp/pull/65,Exact peer source/ABI PASS and source-head Verify 37158886171 success on 57cbafc3bb0672a2632cfc0a40794f4da488275d. Unchanged source; proof in wave5/ci.json.
0x80010714,func_80010714,192,BT02,resident_queue_service_80010714,VERIFIED-BODY,verified_body,Astra / BT02-larger,-g0 -O2 -mips2 -G 0 -non_shared,0,cloud/matches/boot_tail/func_80010714.c,https://github.com/cabi24/SFRush2049-decomp/pull/65,Exact peer source/ABI PASS and source-head Verify 37158886171 success on 57cbafc3bb0672a2632cfc0a40794f4da488275d. Unchanged source; proof in wave5/ci.json.
0x800107E0,func_800107E0,96,BT02,audio_runtime_gateway_800107E0,VERIFIED-BODY,verified_body,Astra / BT02-final-small,-g0 -O2 -mips2 -G 0 -non_shared,0,cloud/matches/boot_tail/func_800107E0.c,https://github.com/cabi24/SFRush2049-decomp/pull/69,Exact peer source/ABI PASS and source-head Verify 37168100105 success on a6b7e43c9474d7e918ea76acc4f40d06986de2a7. Source unchanged; proof in wave9/ci.json.
0x80010840,func_80010840,160,BT02,audio_runtime_gateway_80010840,COMPLETE-NONMATCH,nonmatch,Astra / BT02-final-small,-g0 -O2 -mips2 -G 0 -non_shared,14,cloud/work/boot_tail/BT02-final-small/nonmatch/func_80010840.c,,"BT02-final-small; exact peer source/ABI PASS. Complete bounded nonmatch; zero match credit. Complete six-argument audio initializer. O2 14/40, O1 37/40. Ten directed variants did not improve the baseline; argument home/narrowed carrier and consequent temp-ring residual."
0x800108E0,func_800108E0,160,BT02,audio_runtime_gateway_800108E0,COMPLETE-NONMATCH,nonmatch,Astra / BT02-final-small,-g0 -O2 -mips2 -G 0 -non_shared,14,cloud/work/boot_tail/BT02-final-small/nonmatch/func_800108E0.c,,"BT02-final-small; exact peer source/ABI PASS. Complete bounded nonmatch; zero match credit. Complete six-argument audio initializer. O2 14/40, O1 37/40. Ten directed variants did not improve the baseline; argument home/narrowed carrier and consequent temp-ring residual."
0x80010980,func_80010980,64,BT02,audio_runtime_gateway_80010980,VERIFIED-BODY,verified_body,Astra / BT02-remaining,-g0 -O2 -mips2 -G 0 -non_shared,0,cloud/matches/boot_tail/func_80010980.c,https://github.com/cabi24/SFRush2049-decomp/pull/64,Paired source/ABI review and exact source-head Verify 37156783599 PASS on cbd048e6d03710fe828c8844de4d9d010da19ae0. Source unchanged; proof in wave4/ci.json.
0x800109C0,func_800109C0,64,BT02,audio_runtime_gateway_800109C0,VERIFIED-BODY,verified_body,Astra / BT02-remaining,-g0 -O2 -mips2 -G 0 -non_shared,0,cloud/matches/boot_tail/func_800109C0.c,https://github.com/cabi24/SFRush2049-decomp/pull/64,Paired source/ABI review and exact source-head Verify 37156783599 PASS on cbd048e6d03710fe828c8844de4d9d010da19ae0. Source unchanged; proof in wave4/ci.json.
0x80010A00,func_80010A00,12,BT02,D_8002C630 unsigned-byte getter (pre-existing PR54 match),VERIFIED-BODY,verified_body,pre-existing PR54,-g0 -O2 -mips2 -G 0 -non_shared,0,cloud/matches/boot_tail/func_80010A00.c,https://github.com/cabi24/SFRush2049-decomp/pull/54,"Imported existing PR54 true-match source on master b16dd93b. Packet1 did not replay it. Packet2 freshly verified pinned setup and target manifest/census, then strict replay MATCH; receipt packet2/preflight.json. Existing 12 B only, no new byte credit."
0x80010A0C,func_80010A0C,8,BT02,unused_word_callback,VERIFIED-BODY,verified_body,Astra / BT02-small,-g0 -O2 -mips2 -G 0 -non_shared,0,cloud/matches/boot_tail/func_80010A0C.c,https://github.com/cabi24/SFRush2049-decomp/pull/61,"BT02-small; independently reviewed source/ABI, strict full relocated MATCH and exact-source-head CI PASS at 3574dbec (run 37152316686). Source hash and provenance: wave1/reviewed_sources.json; receipt wave1/ci.json. Verified body only, no cartridge or maintainer acceptance."
0x80010A14,func_80010A14,40,BT02,get_enabled_audio_buffer,VERIFIED-BODY,verified_body,Astra / BT02-small,-g0 -O2 -mips2 -G 0 -non_shared,0,cloud/matches/boot_tail/func_80010A14.c,https://github.com/cabi24/SFRush2049-decomp/pull/61,"BT02-small; independently reviewed source/ABI, strict full relocated MATCH and exact-source-head CI PASS at 3574dbec (run 37152316686). Source hash and provenance: wave1/reviewed_sources.json; receipt wave1/ci.json. Verified body only, no cartridge or maintainer acceptance."
0x80010A40,func_80010A40,552,BT02,audio_buffer_ring_thread,VERIFIED-BODY,verified_body,Astra / BT02-context-pair,-g0 -O2 -mips2 -G 0 -non_shared,0,cloud/matches/boot_tail/func_80010A40.c,https://github.com/cabi24/SFRush2049-decomp/pull/70,Exact peer source/ABI PASS and source-head Verify37169207523 success on b935b5c4f79b92f489636e6cc26c68cc81061c73. Source unchanged; proof in wave10/ci.json; independent function-symbol extent audit also passes.
0x80010C68,func_80010C68,212,BT02,audio_task_scheduler_80010C68,VERIFIED-BODY,verified_body,Astra / BT02-larger,-g0 -O2 -mips2 -G 0 -non_shared,0,cloud/matches/boot_tail/func_80010C68.c,https://github.com/cabi24/SFRush2049-decomp/pull/65,Exact peer source/ABI PASS and source-head Verify 37158886171 success on 57cbafc3bb0672a2632cfc0a40794f4da488275d. Unchanged source; proof in wave5/ci.json.
0x80010D3C,func_80010D3C,56,BT02,set_audio_frequency,VERIFIED-BODY,verified_body,Astra / BT02-small,-g0 -O2 -mips2 -G 0 -non_shared,0,cloud/matches/boot_tail/func_80010D3C.c,https://github.com/cabi24/SFRush2049-decomp/pull/61,"BT02-small; independently reviewed source/ABI, strict full relocated MATCH and exact-source-head CI PASS at 3574dbec (run 37152316686). Source hash and provenance: wave1/reviewed_sources.json; receipt wave1/ci.json. Verified body only, no cartridge or maintainer acceptance."
0x80010D74,func_80010D74,100,BT02,audio_task_scheduler_80010D74,VERIFIED-BODY,verified_body,Astra / BT02-followon,-g0 -O2 -mips2 -G 0 -non_shared,0,cloud/matches/boot_tail/func_80010D74.c,https://github.com/cabi24/SFRush2049-decomp/pull/65,Exact peer source/ABI PASS and source-head Verify 37158886171 success on 57cbafc3bb0672a2632cfc0a40794f4da488275d. Unchanged source; proof in wave5/ci.json.
0x80010DD8,func_80010DD8,168,BT02,allocate_duration_buffer,COMPLETE-NONMATCH,nonmatch,Astra / BT02-medium,-g0 -O2 -mips2 -G 0 -non_shared,40,cloud/work/boot_tail/BT02-medium/nonmatch/func_80010DD8.c,https://github.com/cabi24/SFRush2049-decomp/pull/62,"BT02-medium; complete NONMATCH, no credit. BT02-medium: Complete source, bounded controls and workbench diagnosis archived. Narrow-formal lowering remains unresolved; see packet README."
0x80010E80,func_80010E80,500,BT02,audio_delay_state_configuration,COMPLETE-NONMATCH,nonmatch,Astra / BT02-context-pair,-g0 -O2 -mips2 -G 0 -non_shared,53,cloud/work/boot_tail/BT02-context-pair/nonmatch/func_80010E80.c,,BT02-context-pair; exact peer source/ABI PASS. Complete bounded nonmatch; zero match credit. Bounded complete reconstruction; real unrounded/rounded length and loop scalar web differs. 17 source forms; no unresolved relocations or excess words; zero match credit.
0x80011074,func_80011074,80,BT02,audio_task_scheduler_80011074,VERIFIED-BODY,verified_body,Astra / BT02-remaining,-g0 -O2 -mips2 -G 0 -non_shared,0,cloud/matches/boot_tail/func_80011074.c,https://github.com/cabi24/SFRush2049-decomp/pull/64,Paired source/ABI review and exact source-head Verify 37156783599 PASS on cbd048e6d03710fe828c8844de4d9d010da19ae0. Source unchanged; proof in wave4/ci.json.
0x800110C4,func_800110C4,64,BT02,audio_task_scheduler_800110C4,VERIFIED-BODY,verified_body,Astra / BT02-remaining,-g0 -O2 -mips2 -G 0 -non_shared,0,cloud/matches/boot_tail/func_800110C4.c,https://github.com/cabi24/SFRush2049-decomp/pull/64,Paired source/ABI review and exact source-head Verify 37156783599 PASS on cbd048e6d03710fe828c8844de4d9d010da19ae0. Source unchanged; proof in wave4/ci.json.
0x80011104,func_80011104,840,BT02,audio initialization or command submission (native structural hypothesis),COMPLETE-NONMATCH,nonmatch,Astra / BT02-audio-final,-g0 -O2 -mips2 -G 0 -non_shared,62,cloud/work/boot_tail/BT02-audio-final/nonmatch/func_80011104.c,,BT02-audio-final; exact peer source/ABI PASS. Complete bounded nonmatch; zero match credit. Complete symbolic-data reconstruction; all O2 relocations resolve. Bounded narrow-carrier/compiler structural residual; exact ELF size 840 B. See BT02-audio-final/README.md. Independent peer review PASS at source9a31055d; aggregate replay pending; no match credit.
0x8001144C,func_8001144C,116,BT02,release_audio_buffers,VERIFIED-BODY,verified_body,Astra / BT02-medium,-g0 -O2 -mips2 -G 0 -non_shared,0,cloud/matches/boot_tail/func_8001144C.c,https://github.com/cabi24/SFRush2049-decomp/pull/62,"BT02-medium; independently reviewed strict full relocated MATCH and exact-head CI PASS on09ac2a28/run37154187199. Hash-bound source in wave2/reviewed_sources.json; receipt wave2/ci.json. Body proof only, no cartridge or maintainer acceptance."
0x800114C0,func_800114C0,904,BT02,audio initialization or command submission (native structural hypothesis),COMPLETE-NONMATCH,nonmatch,Astra / BT02-audio-final,-g0 -O2 -mips2 -G 0 -non_shared,199,cloud/work/boot_tail/BT02-audio-final/nonmatch/func_800114C0.c,,BT02-audio-final; exact peer source/ABI PASS. Complete bounded nonmatch; zero match credit. Complete symbolic-data reconstruction; all O2 relocations resolve. Bounded narrow-carrier/compiler structural residual; exact ELF size 904 B. See BT02-audio-final/README.md. Independent peer review PASS at source9a31055d; aggregate replay pending; no match credit.
0x80011848,func_80011848,76,BT02,wait_then_release_audio_buffer,VERIFIED-BODY,verified_body,Astra / BT02-medium,-g0 -O2 -mips2 -G 0 -non_shared,0,cloud/matches/boot_tail/func_80011848.c,https://github.com/cabi24/SFRush2049-decomp/pull/62,"BT02-medium; independently reviewed strict full relocated MATCH and exact-head CI PASS on09ac2a28/run37154187199. Hash-bound source in wave2/reviewed_sources.json; receipt wave2/ci.json. Body proof only, no cartridge or maintainer acceptance."
0x80011894,func_80011894,44,BT02,reset_audio_buffer_cursors,VERIFIED-BODY,verified_body,Astra / BT02-small,-g0 -O2 -mips2 -G 0 -non_shared,0,cloud/matches/boot_tail/func_80011894.c,https://github.com/cabi24/SFRush2049-decomp/pull/61,"BT02-small; independently reviewed source/ABI, strict full relocated MATCH and exact-source-head CI PASS at 3574dbec (run 37152316686). Source hash and provenance: wave1/reviewed_sources.json; receipt wave1/ci.json. Verified body only, no cartridge or maintainer acceptance."
0x800118C0,func_800118C0,80,BT02,audio_task_scheduler_800118C0,VERIFIED-BODY,verified_body,Astra / BT02-remaining,-g0 -O2 -mips2 -G 0 -non_shared,0,cloud/matches/boot_tail/func_800118C0.c,https://github.com/cabi24/SFRush2049-decomp/pull/64,Paired source/ABI review and exact source-head Verify 37156783599 PASS on cbd048e6d03710fe828c8844de4d9d010da19ae0. Source unchanged; proof in wave4/ci.json.
0x80011910,func_80011910,208,BT02,audio_task_scheduler_80011910,COMPLETE-NONMATCH,nonmatch,Astra / BT02-larger,-g0 -O2 -mips2 -G 0 -non_shared,47,cloud/work/boot_tail/BT02-larger/nonmatch/func_80011910.c,,"BT02-larger; exact peer source/ABI PASS. Complete bounded nonmatch; zero match credit. Whole task-record initializer; O2 47/52, O1 50/52 plus six excess words; aggregate address lowering differs. Microcode/data addresses only, no content inspection."
0x800119E0,func_800119E0,48,BT02,submit_audio_task,VERIFIED-BODY,verified_body,Astra / BT02-small,-g0 -O2 -mips2 -G 0 -non_shared,0,cloud/matches/boot_tail/func_800119E0.c,https://github.com/cabi24/SFRush2049-decomp/pull/61,"BT02-small; independently reviewed source/ABI, strict full relocated MATCH and exact-source-head CI PASS at 3574dbec (run 37152316686). Source hash and provenance: wave1/reviewed_sources.json; receipt wave1/ci.json. Verified body only, no cartridge or maintainer acceptance."
0x80011A10,func_80011A10,44,BT02,initialize_audio_state,VERIFIED-BODY,verified_body,Astra / BT02-small,-g0 -O2 -mips2 -G 0 -non_shared,0,cloud/matches/boot_tail/func_80011A10.c,https://github.com/cabi24/SFRush2049-decomp/pull/61,"BT02-small; independently reviewed source/ABI, strict full relocated MATCH and exact-source-head CI PASS at 3574dbec (run 37152316686). Source hash and provenance: wave1/reviewed_sources.json; receipt wave1/ci.json. Verified body only, no cartridge or maintainer acceptance."
0x80011A3C,func_80011A3C,40,BT02,release_audio_state,VERIFIED-BODY,verified_body,Astra / BT02-small,-g0 -O2 -mips2 -G 0 -non_shared,0,cloud/matches/boot_tail/func_80011A3C.c,https://github.com/cabi24/SFRush2049-decomp/pull/61,"BT02-small; independently reviewed source/ABI, strict full relocated MATCH and exact-source-head CI PASS at 3574dbec (run 37152316686). Source hash and provenance: wave1/reviewed_sources.json; receipt wave1/ci.json. Verified body only, no cartridge or maintainer acceptance."
0x80011A64,func_80011A64,440,BT02,audio_task_scheduler_80011A64,COMPLETE-NONMATCH,nonmatch,Astra / BT02-next-pair,-g0 -O2 -mips2 -G 0 -non_shared,107,cloud/work/boot_tail/BT02-next-pair/nonmatch/func_80011A64.c,,BT02-next-pair; exact peer source/ABI PASS. Complete bounded nonmatch; zero match credit. Full natural C89; O2/O1 residuals and host tests reproduced. Native narrow-formal normalization remains; no claimed match or cartridge coverage.
0x80011C1C,func_80011C1C,104,BT02,initialize_audio_record,COMPLETE-NONMATCH,nonmatch,Astra / BT02-medium,-g0 -O2 -mips2 -G 0 -non_shared,14,cloud/work/boot_tail/BT02-medium/nonmatch/func_80011C1C.c,https://github.com/cabi24/SFRush2049-decomp/pull/62,"BT02-medium; complete NONMATCH, no credit. BT02-medium: Complete source, bounded controls and workbench diagnosis archived. Narrow-formal lowering remains unresolved; see packet README."
0x80011C84,func_80011C84,84,BT02,audio_task_scheduler_80011C84,VERIFIED-BODY,verified_body,Astra / BT02-followon,-g0 -O2 -mips2 -G 0 -non_shared,0,cloud/matches/boot_tail/func_80011C84.c,https://github.com/cabi24/SFRush2049-decomp/pull/65,Exact peer source/ABI PASS and source-head Verify 37158886171 success on 57cbafc3bb0672a2632cfc0a40794f4da488275d. Unchanged source; proof in wave5/ci.json.
0x80011CD8,func_80011CD8,76,BT02,audio_task_scheduler_80011CD8,VERIFIED-BODY,verified_body,Astra / BT02-remaining,-g0 -O2 -mips2 -G 0 -non_shared,0,cloud/matches/boot_tail/func_80011CD8.c,https://github.com/cabi24/SFRush2049-decomp/pull/64,Paired source/ABI review and exact source-head Verify 37156783599 PASS on cbd048e6d03710fe828c8844de4d9d010da19ae0. Source unchanged; proof in wave4/ci.json.
0x80011D24,func_80011D24,80,BT02,submit_pending_audio_buffer,VERIFIED-BODY,verified_body,Astra / BT02-medium,-g0 -O2 -mips2 -G 0 -non_shared,0,cloud/matches/boot_tail/func_80011D24.c,https://github.com/cabi24/SFRush2049-decomp/pull/62,"BT02-medium; independently reviewed strict full relocated MATCH and exact-head CI PASS on09ac2a28/run37154187199. Hash-bound source in wave2/reviewed_sources.json; receipt wave2/ci.json. Body proof only, no cartridge or maintainer acceptance."
0x80011D74,func_80011D74,492,BT02,audio_task_scheduler_80011D74,COMPLETE-NONMATCH,nonmatch,Astra / BT02-next-pair,-g0 -O2 -mips2 -G 0 -non_shared,24,cloud/work/boot_tail/BT02-next-pair/nonmatch/func_80011D74.c,,BT02-next-pair; exact peer source/ABI PASS. Complete bounded nonmatch; zero match credit. Full natural C89; O2/O1 residuals and host tests reproduced. Native narrow-formal normalization remains; no claimed match or cartridge coverage.
0x80011F60,func_80011F60,604,BT02,audio_task_scheduler_80011F60,COMPLETE-NONMATCH,nonmatch,Astra / BT02-audio-pair,-g0 -O2 -mips2 -G 0 -non_shared,74,cloud/work/boot_tail/BT02-audio-pair/nonmatch/func_80011F60.c,,"BT02-audio-pair; exact peer source/ABI PASS. Complete bounded nonmatch; zero match credit. Whole natural C89 body; clean relocated O2 residual 74 words, bounded 14 directed controls after workbench diagnosis. Actual-source C89/ASan/UBSan and native-layout checks pass on valid positive count/successful-allocation domain. No match credit."
0x800121BC,func_800121BC,68,BT02,release_audio_pair_a,VERIFIED-BODY,verified_body,Astra / BT02-medium,-g0 -O2 -mips2 -G 0 -non_shared,0,cloud/matches/boot_tail/func_800121BC.c,https://github.com/cabi24/SFRush2049-decomp/pull/62,"BT02-medium; independently reviewed strict full relocated MATCH and exact-head CI PASS on09ac2a28/run37154187199. Hash-bound source in wave2/reviewed_sources.json; receipt wave2/ci.json. Body proof only, no cartridge or maintainer acceptance."
0x80012200,func_80012200,52,BT02,tick_audio_countdowns,VERIFIED-BODY,verified_body,Astra / BT02-small,-g0 -O2 -mips2 -G 0 -non_shared,0,cloud/matches/boot_tail/func_80012200.c,https://github.com/cabi24/SFRush2049-decomp/pull/61,"BT02-small; independently reviewed source/ABI, strict full relocated MATCH and exact-source-head CI PASS at 3574dbec (run 37152316686). Source hash and provenance: wave1/reviewed_sources.json; receipt wave1/ci.json. Verified body only, no cartridge or maintainer acceptance."
0x80012234,func_80012234,372,BT02,audio_task_scheduler_80012234,HYPOTHESIS,open,,,,,,C04; role/ABI unproved; metadata scan leads only; unclaimed matching target. Blocked-for-scoring: Direct jal reaches at/beyond declared text_end; maintainer must classify target (opcode_audit.json); no out-of-range bytes inspected.
0x800123A8,func_800123A8,628,BT02,audio_task_scheduler_800123A8,COMPLETE-NONMATCH,nonmatch,Astra / BT02-audio-pair,-g0 -O2 -mips2 -G 0 -non_shared,74,cloud/work/boot_tail/BT02-audio-pair/nonmatch/func_800123A8.c,,"BT02-audio-pair; exact peer source/ABI PASS. Complete bounded nonmatch; zero match credit. Whole natural C89 body; clean relocated O2 residual 74 words, bounded 14 directed controls after workbench diagnosis. Actual-source C89/ASan/UBSan and native-layout checks pass on valid positive count/successful-allocation domain. No match credit."
0x8001261C,func_8001261C,68,BT02,release_audio_pair_b,VERIFIED-BODY,verified_body,Astra / BT02-medium,-g0 -O2 -mips2 -G 0 -non_shared,0,cloud/matches/boot_tail/func_8001261C.c,https://github.com/cabi24/SFRush2049-decomp/pull/62,"BT02-medium; independently reviewed strict full relocated MATCH and exact-head CI PASS on09ac2a28/run37154187199. Hash-bound source in wave2/reviewed_sources.json; receipt wave2/ci.json. Body proof only, no cartridge or maintainer acceptance."
0x80012660,func_80012660,208,BT02,audio_task_scheduler_80012660,VERIFIED-BODY,verified_body,Astra / BT02-larger,-g0 -O2 -mips2 -G 0 -non_shared,0,cloud/matches/boot_tail/func_80012660.c,https://github.com/cabi24/SFRush2049-decomp/pull/65,Exact peer source/ABI PASS and source-head Verify 37158886171 success on 57cbafc3bb0672a2632cfc0a40794f4da488275d. Unchanged source; proof in wave5/ci.json.
0x80012730,func_80012730,1512,BT02,audio_task_scheduler_80012730,HYPOTHESIS,open,,,,,,C04; role/ABI unproved; metadata scan leads only; unclaimed matching target. Blocked-for-scoring: Direct jal reaches at/beyond declared text_end; maintainer must classify target (opcode_audit.json); no out-of-range bytes inspected.
0x80012D18,func_80012D18,3148,BT02,audio_task_scheduler_80012D18,HYPOTHESIS,open,,,,,,C04; role/ABI unproved; metadata scan leads only; unclaimed matching target. Blocked-for-scoring: Direct jal reaches at/beyond declared text_end; maintainer must classify target (opcode_audit.json); no out-of-range bytes inspected.
0x80013964,func_80013964,112,BT02,select_audio_buffer,VERIFIED-BODY,verified_body,Astra / BT02-medium,-g0 -O2 -mips2 -G 0 -non_shared,0,cloud/matches/boot_tail/func_80013964.c,https://github.com/cabi24/SFRush2049-decomp/pull/62,"BT02-medium; independently reviewed strict full relocated MATCH and exact-head CI PASS on09ac2a28/run37154187199. Hash-bound source in wave2/reviewed_sources.json; receipt wave2/ci.json. Body proof only, no cartridge or maintainer acceptance."
0x800139D4,func_800139D4,688,BT02,audio initialization or command submission (native structural hypothesis),COMPLETE-NONMATCH,nonmatch,Astra / BT02-audio-final,-g0 -O2 -mips2 -G 0 -non_shared,131,cloud/work/boot_tail/BT02-audio-final/nonmatch/func_800139D4.c,,BT02-audio-final; exact peer source/ABI PASS. Complete bounded nonmatch; zero match credit. Complete symbolic-data reconstruction; all O2 relocations resolve. Bounded narrow-carrier/compiler structural residual; exact ELF size 692 B. See BT02-audio-final/README.md. Independent peer review PASS at source9a31055d; aggregate replay pending; no match credit.
0x80013C84,func_80013C84,236,BT02,audio_task_scheduler_80013C84,VERIFIED-BODY,verified_body,Astra / BT02-larger,-g0 -O2 -mips2 -G 0 -non_shared,0,cloud/matches/boot_tail/func_80013C84.c,https://github.com/cabi24/SFRush2049-decomp/pull/65,Exact peer source/ABI PASS and source-head Verify 37158886171 success on 57cbafc3bb0672a2632cfc0a40794f4da488275d. Unchanged source; proof in wave5/ci.json.
0x80013D70,func_80013D70,124,BT02,audio_task_scheduler_80013D70,VERIFIED-BODY,verified_body,Astra / BT02-final-small,-g0 -O2 -mips2 -G 0 -non_shared,0,cloud/matches/boot_tail/func_80013D70.c,https://github.com/cabi24/SFRush2049-decomp/pull/69,Exact peer source/ABI PASS and source-head Verify 37168100105 success on a6b7e43c9474d7e918ea76acc4f40d06986de2a7. Source unchanged; proof in wave9/ci.json.
0x80013DEC,func_80013DEC,780,BT02,audio_task_scheduler_80013DEC,COMPLETE-NONMATCH,nonmatch,Astra / BT02-audio-remaining,-g0 -O2 -mips2 -G 0 -non_shared,164,cloud/work/boot_tail/BT02-audio-remaining/nonmatch/func_80013DEC.c,,BT02-audio-remaining; exact peer source/ABI PASS. Complete bounded nonmatch; zero match credit. Complete bounded natural C89 reconstruction; final O2 relocation-clean but actual ELF extent is oversized. O1 is worse and fails canonical relocation gate. Host C89/ASan/UBSan and pinned native field-layout tests pass. Zero matching credit; see packet README.
0x800140F8,func_800140F8,72,BT02,register_audio_callback,VERIFIED-BODY,verified_body,Astra / BT02-medium,-g0 -O2 -mips2 -G 0 -non_shared,0,cloud/matches/boot_tail/func_800140F8.c,https://github.com/cabi24/SFRush2049-decomp/pull/62,"BT02-medium; independently reviewed strict full relocated MATCH and exact-head CI PASS on09ac2a28/run37154187199. Hash-bound source in wave2/reviewed_sources.json; receipt wave2/ci.json. Body proof only, no cartridge or maintainer acceptance."
0x80014140,func_80014140,88,BT02,wait_then_unregister_audio_callback,VERIFIED-BODY,verified_body,Astra / BT02-medium,-g0 -O2 -mips2 -G 0 -non_shared,0,cloud/matches/boot_tail/func_80014140.c,https://github.com/cabi24/SFRush2049-decomp/pull/62,"BT02-medium; independently reviewed strict full relocated MATCH and exact-head CI PASS on09ac2a28/run37154187199. Hash-bound source in wave2/reviewed_sources.json; receipt wave2/ci.json. Body proof only, no cartridge or maintainer acceptance."
0x80014198,func_80014198,476,BT02,audio_task_scheduler_80014198,COMPLETE-NONMATCH,nonmatch,Astra / BT02-audio-remaining,-g0 -O2 -mips2 -G 0 -non_shared,13,cloud/work/boot_tail/BT02-audio-remaining/nonmatch/func_80014198.c,,BT02-audio-remaining; exact peer source/ABI PASS. Complete bounded nonmatch; zero match credit. Complete bounded natural C89 reconstruction; final O2 relocation-clean but actual ELF extent is oversized. O1 is worse and fails canonical relocation gate. Host C89/ASan/UBSan and pinned native field-layout tests pass. Zero matching credit; see packet README.
0x80014374,func_80014374,76,BT02,audio_task_scheduler_80014374,VERIFIED-BODY,verified_body,Astra / BT02-followon,-g0 -O2 -mips2 -G 0 -non_shared,0,cloud/matches/boot_tail/func_80014374.c,https://github.com/cabi24/SFRush2049-decomp/pull/65,Exact peer source/ABI PASS and source-head Verify 37158886171 success on 57cbafc3bb0672a2632cfc0a40794f4da488275d. Unchanged source; proof in wave5/ci.json.
0x800143C0,func_800143C0,116,BT02,audio_task_scheduler_800143C0,VERIFIED-BODY,verified_body,Astra / BT02-followon,-g0 -O2 -mips2 -G 0 -non_shared,0,cloud/matches/boot_tail/func_800143C0.c,https://github.com/cabi24/SFRush2049-decomp/pull/65,Exact peer source/ABI PASS and source-head Verify 37158886171 success on 57cbafc3bb0672a2632cfc0a40794f4da488275d. Unchanged source; proof in wave5/ci.json.
0x80014434,func_80014434,84,BT02,audio_task_scheduler_80014434,VERIFIED-BODY,verified_body,Astra / BT02-followon,-g0 -O2 -mips2 -G 0 -non_shared,0,cloud/matches/boot_tail/func_80014434.c,https://github.com/cabi24/SFRush2049-decomp/pull/65,Exact peer source/ABI PASS and source-head Verify 37158886171 success on 57cbafc3bb0672a2632cfc0a40794f4da488275d. Unchanged source; proof in wave5/ci.json.
0x80014488,func_80014488,104,BT02,audio_task_scheduler_80014488,VERIFIED-BODY,verified_body,Astra / BT02-remaining,-g0 -O2 -mips2 -G 0 -non_shared,0,cloud/matches/boot_tail/func_80014488.c,https://github.com/cabi24/SFRush2049-decomp/pull/64,Paired source/ABI review and exact source-head Verify 37156783599 PASS on cbd048e6d03710fe828c8844de4d9d010da19ae0. Source unchanged; proof in wave4/ci.json.
0x800144F0,func_800144F0,96,BT02,audio_task_scheduler_800144F0,VERIFIED-BODY,verified_body,Astra / BT02-remaining,-g0 -O2 -mips2 -G 0 -non_shared,0,cloud/matches/boot_tail/func_800144F0.c,https://github.com/cabi24/SFRush2049-decomp/pull/64,Paired source/ABI review and exact source-head Verify 37156783599 PASS on cbd048e6d03710fe828c8844de4d9d010da19ae0. Source unchanged; proof in wave4/ci.json.
0x80014550,func_80014550,68,BT03,initialize one-message queue and seed front token,VERIFIED-BODY,verified_body,Astra / BT03-low-medium,-g0 -O2 -mips2 -G 0 -non_shared,0,cloud/matches/boot_tail/func_80014550.c,https://github.com/cabi24/SFRush2049-decomp/pull/66,Exact peer source/ABI PASS and source-head Verify37159760954 success on e22b0c2d2437c16a2448c048240f3a5ec2d7b33c. Source unchanged; proof in wave6/ci.json.
0x80014594,func_80014594,72,BT03,receive token on zero then increment nesting counter,VERIFIED-BODY,verified_body,Astra / BT03-low-medium,-g0 -O2 -mips2 -G 0 -non_shared,0,cloud/matches/boot_tail/func_80014594.c,https://github.com/cabi24/SFRush2049-decomp/pull/66,Exact peer source/ABI PASS and source-head Verify37159760954 success on e22b0c2d2437c16a2448c048240f3a5ec2d7b33c. Source unchanged; proof in wave6/ci.json.
0x800145DC,func_800145DC,72,BT03,decrement positive nesting counter and return token at zero,VERIFIED-BODY,verified_body,Astra / BT03-low-medium,-g0 -O2 -mips2 -G 0 -non_shared,0,cloud/matches/boot_tail/func_800145DC.c,https://github.com/cabi24/SFRush2049-decomp/pull/66,Exact peer source/ABI PASS and source-head Verify37159760954 success on e22b0c2d2437c16a2448c048240f3a5ec2d7b33c. Source unchanged; proof in wave6/ci.json.
0x80014624,func_80014624,44,BT03,queue_sync_wrapper_80014624,VERIFIED-BODY,verified_body,Astra / BT03-low,-g0 -O2 -mips2 -G 0 -non_shared,0,cloud/matches/boot_tail/func_80014624.c,https://github.com/cabi24/SFRush2049-decomp/pull/61,"BT03-low; independently reviewed source/ABI, strict full relocated MATCH and exact-source-head CI PASS at 3574dbec (run 37152316686). Source hash and provenance: wave1/reviewed_sources.json; receipt wave1/ci.json. Verified body only, no cartridge or maintainer acceptance."
0x8001467C,func_8001467C,48,BT03,audio_buffer_utility_8001467C,COMPLETE-NONMATCH,nonmatch,Astra / BT03-low,-g0 -O2 -mips2 -G 0 -non_shared,2,cloud/work/boot_tail/BT03-low/func_8001467C.c,,"BT03-low; COMPLETE-NONMATCH, no credit. Allocation residual after diagnose and 15 natural source forms; no credit."
0x800146AC,func_800146AC,8,BT03,audio_buffer_utility_800146AC,VERIFIED-BODY,verified_body,Astra / BT03-low,-g0 -O2 -mips2 -G 0 -non_shared,0,cloud/matches/boot_tail/func_800146AC.c,https://github.com/cabi24/SFRush2049-decomp/pull/61,"BT03-low; independently reviewed source/ABI, strict full relocated MATCH and exact-source-head CI PASS at 3574dbec (run 37152316686). Source hash and provenance: wave1/reviewed_sources.json; receipt wave1/ci.json. Verified body only, no cartridge or maintainer acceptance."
0x800146B4,func_800146B4,488,BT03,audio_buffer_utility_800146B4,VERIFIED-BODY,verified_body,Astra / BT03-low-sample-pair,-g0 -O2 -mips2 -G 0 -non_shared,0,cloud/matches/boot_tail/func_800146B4.c,https://github.com/cabi24/SFRush2049-decomp/pull/72,Exact peer source/ABI/ELF extent PASS and source-head Verify37172540204 success on 1ef54c2e507e6d29cc22d041bf5d99dc2173bfd8. Fresh Git-data read-back binds exact reviewed tree; proof in wave12/ci.json.
0x8001489C,func_8001489C,92,BT03,set slot release count to twenty and conditionally initiate release,COMPLETE-NONMATCH,nonmatch,Astra / BT03-low-medium,-g0 -O2 -mips2 -G 0 -non_shared,11,cloud/work/boot_tail/BT03-low-medium/func_8001489C.c,,BT03-low-medium; exact peer source/ABI PASS. Complete bounded nonmatch; zero match credit. Complete standalone C89; no cartridge credit. Native byte flag allocation remains unresolved.
0x800148F8,func_800148F8,196,BT03,copy four unaligned halfwords into audio slot parameters; scale third by 1/4096,VERIFIED-BODY,verified_body,Astra / BT03-low-eight,-g0 -O2 -mips2 -G 0 -non_shared,0,cloud/matches/boot_tail/func_800148F8.c,https://github.com/cabi24/SFRush2049-decomp/pull/68,Exact peer source/ABI PASS and source-head Verify 37164693092 success on c196e2126217abb91380b240c68e7ea9c52fd941. Source unchanged; proof in wave8/ci.json.
0x800149BC,func_800149BC,32,BT03,audio_buffer_utility_800149BC,VERIFIED-BODY,verified_body,Astra / BT03-low,-g0 -O2 -mips2 -G 0 -non_shared,0,cloud/matches/boot_tail/func_800149BC.c,https://github.com/cabi24/SFRush2049-decomp/pull/61,"BT03-low; independently reviewed source/ABI, strict full relocated MATCH and exact-source-head CI PASS at 3574dbec (run 37152316686). Source hash and provenance: wave1/reviewed_sources.json; receipt wave1/ci.json. Verified body only, no cartridge or maintainer acceptance."
0x800149DC,func_800149DC,40,BT03,audio_buffer_utility_800149DC,VERIFIED-BODY,verified_body,Astra / BT03-low,-g0 -O2 -mips2 -G 0 -non_shared,0,cloud/matches/boot_tail/func_800149DC.c,https://github.com/cabi24/SFRush2049-decomp/pull/61,"BT03-low; independently reviewed source/ABI, strict full relocated MATCH and exact-source-head CI PASS at 3574dbec (run 37152316686). Source hash and provenance: wave1/reviewed_sources.json; receipt wave1/ci.json. Verified body only, no cartridge or maintainer acceptance."
0x80014A04,func_80014A04,8,BT03,audio_buffer_utility_80014A04,VERIFIED-BODY,verified_body,Astra / BT03-low,-g0 -O2 -mips2 -G 0 -non_shared,0,cloud/matches/boot_tail/func_80014A04.c,https://github.com/cabi24/SFRush2049-decomp/pull/61,"BT03-low; independently reviewed source/ABI, strict full relocated MATCH and exact-source-head CI PASS at 3574dbec (run 37152316686). Source hash and provenance: wave1/reviewed_sources.json; receipt wave1/ci.json. Verified body only, no cartridge or maintainer acceptance."
0x80014A0C,func_80014A0C,104,BT03,audio_buffer_utility_80014A0C,COMPLETE-NONMATCH,nonmatch,Astra / BT03-low-followon,-g0 -O2 -mips2 -G 0 -non_shared,24,cloud/work/boot_tail/BT03-low-followon/func_80014A0C_NONMATCH.c,,BT03-low-followon; exact peer source/ABI PASS. Complete bounded nonmatch; zero match credit. Complete u16 cap/store; native homes the formal then masks its original argument register. Current O2 uses a temporary. Known shared plateau: no repeated narrow-formal controls.
0x80014A74,func_80014A74,124,BT03,audio_buffer_utility_80014A74,VERIFIED-BODY,verified_body,Astra / BT03-low-followon,-g0 -O2 -mips2 -G 0 -non_shared,0,cloud/matches/boot_tail/func_80014A74.c,https://github.com/cabi24/SFRush2049-decomp/pull/67,Exact peer source/ABI PASS and source-head Verify 37160610106 success on 3dd49752e74dda49a581db52efe291782b80521b. Source unchanged; proof in wave7/ci.json.
0x80014AF0,func_80014AF0,76,BT03,clear active slot and mark release pending,VERIFIED-BODY,verified_body,Astra / BT03-low-medium,-g0 -O2 -mips2 -G 0 -non_shared,0,cloud/matches/boot_tail/func_80014AF0.c,https://github.com/cabi24/SFRush2049-decomp/pull/66,Exact peer source/ABI PASS and source-head Verify37159760954 success on e22b0c2d2437c16a2448c048240f3a5ec2d7b33c. Source unchanged; proof in wave6/ci.json.
0x80014B3C,func_80014B3C,116,BT03,audio_buffer_utility_80014B3C,VERIFIED-BODY,verified_body,Astra / BT03-low-followon,-g0 -O2 -mips2 -G 0 -non_shared,0,cloud/matches/boot_tail/func_80014B3C.c,https://github.com/cabi24/SFRush2049-decomp/pull/67,Exact peer source/ABI PASS and source-head Verify 37160610106 success on 3dd49752e74dda49a581db52efe291782b80521b. Source unchanged; proof in wave7/ci.json.
0x80014BB0,func_80014BB0,40,BT03,audio_buffer_utility_80014BB0,VERIFIED-BODY,verified_body,Astra / BT03-low,-g0 -O2 -mips2 -G 0 -non_shared,0,cloud/matches/boot_tail/func_80014BB0.c,https://github.com/cabi24/SFRush2049-decomp/pull/61,"BT03-low; independently reviewed source/ABI, strict full relocated MATCH and exact-source-head CI PASS at 3574dbec (run 37152316686). Source hash and provenance: wave1/reviewed_sources.json; receipt wave1/ci.json. Verified body only, no cartridge or maintainer acceptance."
0x80014C18,func_80014C18,40,BT03,audio_buffer_utility_80014C18,VERIFIED-BODY,verified_body,Astra / BT03-low,-g0 -O2 -mips2 -G 0 -non_shared,0,cloud/matches/boot_tail/func_80014C18.c,https://github.com/cabi24/SFRush2049-decomp/pull/61,"BT03-low; independently reviewed source/ABI, strict full relocated MATCH and exact-source-head CI PASS at 3574dbec (run 37152316686). Source hash and provenance: wave1/reviewed_sources.json; receipt wave1/ci.json. Verified body only, no cartridge or maintainer acceptance."
0x80014C40,func_80014C40,32,BT03,audio_buffer_utility_80014C40,VERIFIED-BODY,verified_body,Astra / BT03-low,-g0 -O2 -mips2 -G 0 -non_shared,0,cloud/matches/boot_tail/func_80014C40.c,https://github.com/cabi24/SFRush2049-decomp/pull/61,"BT03-low; independently reviewed source/ABI, strict full relocated MATCH and exact-source-head CI PASS at 3574dbec (run 37152316686). Source hash and provenance: wave1/reviewed_sources.json; receipt wave1/ci.json. Verified body only, no cartridge or maintainer acceptance."
0x80014C60,func_80014C60,76,BT03,audio_buffer_utility_80014C60,COMPLETE-NONMATCH,nonmatch,Astra / BT03-low-followon,-g0 -O2 -mips2 -G 0 -non_shared,12,cloud/work/boot_tail/BT03-low-followon/func_80014C60_NONMATCH.c,,BT03-low-followon; exact peer source/ABI PASS. Complete bounded nonmatch; zero match credit. Complete four-sample tail copy and writeback; direct destination local improves 17/19 to 12/19. Seven natural forms froze below bound; final call/pointer allocation still differs.
0x80014CAC,func_80014CAC,72,BT03,bypass address conversion for 0x80/0xB0 regions or invoke converter,VERIFIED-BODY,verified_body,Astra / BT03-low-medium,-g0 -O2 -mips2 -G 0 -non_shared,0,cloud/matches/boot_tail/func_80014CAC.c,https://github.com/cabi24/SFRush2049-decomp/pull/66,Exact peer source/ABI PASS and source-head Verify37159760954 success on e22b0c2d2437c16a2448c048240f3a5ec2d7b33c. Source unchanged; proof in wave6/ci.json.
0x80014D1C,func_80014D1C,16,BT03,audio_buffer_utility_80014D1C,VERIFIED-BODY,verified_body,Astra / BT03-low,-g0 -O2 -mips2 -G 0 -non_shared,0,cloud/matches/boot_tail/func_80014D1C.c,https://github.com/cabi24/SFRush2049-decomp/pull/61,"BT03-low; independently reviewed source/ABI, strict full relocated MATCH and exact-source-head CI PASS at 3574dbec (run 37152316686). Source hash and provenance: wave1/reviewed_sources.json; receipt wave1/ci.json. Verified body only, no cartridge or maintainer acceptance."
0x80014D30,func_80014D30,208,BT03,scale unsigned input rate by 4096 and divide by global signed rate,VERIFIED-BODY,verified_body,Astra / BT03-low-eight,-g0 -O2 -mips2 -G 0 -non_shared,0,cloud/matches/boot_tail/func_80014D30.c,https://github.com/cabi24/SFRush2049-decomp/pull/68,Exact peer source/ABI PASS and source-head Verify 37164693092 success on c196e2126217abb91380b240c68e7ea9c52fd941. Source unchanged; proof in wave8/ci.json.
0x80014E00,func_80014E00,12,BT03,audio_pool_state_80014E00,VERIFIED-BODY,verified_body,Astra / BT03-low-B,-g0 -O2 -mips2 -G 0 -non_shared,0,cloud/matches/boot_tail/func_80014E00.c,https://github.com/cabi24/SFRush2049-decomp/pull/62,"BT03-low-B; independently reviewed strict full relocated MATCH and exact-head CI PASS on09ac2a28/run37154187199. Hash-bound source in wave2/reviewed_sources.json; receipt wave2/ci.json. Body proof only, no cartridge or maintainer acceptance."
0x80014E10,func_80014E10,12,BT03,audio_pool_state_80014E10,VERIFIED-BODY,verified_body,Astra / BT03-low-B,-g0 -O2 -mips2 -G 0 -non_shared,0,cloud/matches/boot_tail/func_80014E10.c,https://github.com/cabi24/SFRush2049-decomp/pull/62,"BT03-low-B; independently reviewed strict full relocated MATCH and exact-head CI PASS on09ac2a28/run37154187199. Hash-bound source in wave2/reviewed_sources.json; receipt wave2/ci.json. Body proof only, no cartridge or maintainer acceptance."
0x80014E1C,func_80014E1C,72,BT03,audio_pool_state_80014E1C,COMPLETE-NONMATCH,nonmatch,Astra / BT03-low-followon,-g0 -O2 -mips2 -G 0 -non_shared,7,cloud/work/boot_tail/BT03-low-followon/func_80014E1C_NONMATCH.c,,BT03-low-followon; exact peer source/ABI PASS. Complete bounded nonmatch; zero match credit. Complete forward relative-resource search; real offset local and typed pointer improve 17/18+1 excess to 7/18 with no excess. Narrow-formal home/mask allocation remains; three forms then stop.
0x80014E64,func_80014E64,44,BT03,audio_pool_state_80014E64,COMPLETE-NONMATCH,nonmatch,Astra / BT03-low-B,-g0 -O2 -mips2 -G 0 -non_shared,8,cloud/work/boot_tail/BT03-low-B/func_80014E64.c,https://github.com/cabi24/SFRush2049-decomp/pull/62,"BT03-low-B; complete NONMATCH, no credit. Bounded narrow-identifier argument-lowering residual; no credit."
0x80014E90,func_80014E90,44,BT03,audio_pool_state_80014E90,COMPLETE-NONMATCH,nonmatch,Astra / BT03-low-B,-g0 -O2 -mips2 -G 0 -non_shared,8,cloud/work/boot_tail/BT03-low-B/func_80014E90.c,https://github.com/cabi24/SFRush2049-decomp/pull/62,"BT03-low-B; complete NONMATCH, no credit. Bounded narrow-identifier argument-lowering residual; no credit."
0x80014EBC,func_80014EBC,44,BT03,audio_pool_state_80014EBC,COMPLETE-NONMATCH,nonmatch,Astra / BT03-low-B,-g0 -O2 -mips2 -G 0 -non_shared,8,cloud/work/boot_tail/BT03-low-B/func_80014EBC.c,https://github.com/cabi24/SFRush2049-decomp/pull/62,"BT03-low-B; complete NONMATCH, no credit. Bounded narrow-identifier argument-lowering residual; no credit."
0x80014EE8,func_80014EE8,44,BT03,audio_pool_state_80014EE8,COMPLETE-NONMATCH,nonmatch,Astra / BT03-low-B,-g0 -O2 -mips2 -G 0 -non_shared,8,cloud/work/boot_tail/BT03-low-B/func_80014EE8.c,https://github.com/cabi24/SFRush2049-decomp/pull/62,"BT03-low-B; complete NONMATCH, no credit. Bounded narrow-identifier argument-lowering residual; no credit."
0x80014F14,func_80014F14,108,BT03,audio_pool_state_80014F14,VERIFIED-BODY,verified_body,Astra / BT03-low-resource,-g0 -O2 -mips2 -G 0 -non_shared,0,cloud/matches/boot_tail/func_80014F14.c,https://github.com/cabi24/SFRush2049-decomp/pull/69,Exact peer source/ABI PASS and source-head Verify 37168100105 success on a6b7e43c9474d7e918ea76acc4f40d06986de2a7. Source unchanged; proof in wave9/ci.json.
0x80014F80,func_80014F80,108,BT03,audio_pool_state_80014F80,VERIFIED-BODY,verified_body,Astra / BT03-low-resource,-g0 -O2 -mips2 -G 0 -non_shared,0,cloud/matches/boot_tail/func_80014F80.c,https://github.com/cabi24/SFRush2049-decomp/pull/69,Exact peer source/ABI PASS and source-head Verify 37168100105 success on a6b7e43c9474d7e918ea76acc4f40d06986de2a7. Source unchanged; proof in wave9/ci.json.
0x80014FEC,func_80014FEC,108,BT03,audio_pool_state_80014FEC,VERIFIED-BODY,verified_body,Astra / BT03-low-resource,-g0 -O2 -mips2 -G 0 -non_shared,0,cloud/matches/boot_tail/func_80014FEC.c,https://github.com/cabi24/SFRush2049-decomp/pull/69,Exact peer source/ABI PASS and source-head Verify 37168100105 success on a6b7e43c9474d7e918ea76acc4f40d06986de2a7. Source unchanged; proof in wave9/ci.json.
0x80015058,func_80015058,112,BT03,audio_pool_state_80015058,VERIFIED-BODY,verified_body,Astra / BT03-low-resource,-g0 -O2 -mips2 -G 0 -non_shared,0,cloud/matches/boot_tail/func_80015058.c,https://github.com/cabi24/SFRush2049-decomp/pull/69,Exact peer source/ABI PASS and source-head Verify 37168100105 success on a6b7e43c9474d7e918ea76acc4f40d06986de2a7. Source unchanged; proof in wave9/ci.json.
0x800150C8,func_800150C8,88,BT03,audio_pool_state_800150C8,VERIFIED-BODY,verified_body,Astra / BT03-low-dispatch,-g0 -O2 -mips2 -G 0 -non_shared,0,cloud/matches/boot_tail/func_800150C8.c,https://github.com/cabi24/SFRush2049-decomp/pull/68,Exact peer source/ABI PASS and source-head Verify 37164693092 success on c196e2126217abb91380b240c68e7ea9c52fd941. Source unchanged; proof in wave8/ci.json.
0x80015120,func_80015120,88,BT03,audio_pool_state_80015120,VERIFIED-BODY,verified_body,Astra / BT03-low-dispatch,-g0 -O2 -mips2 -G 0 -non_shared,0,cloud/matches/boot_tail/func_80015120.c,https://github.com/cabi24/SFRush2049-decomp/pull/68,Exact peer source/ABI PASS and source-head Verify 37164693092 success on c196e2126217abb91380b240c68e7ea9c52fd941. Source unchanged; proof in wave8/ci.json.
0x80015178,func_80015178,88,BT03,audio_pool_state_80015178,VERIFIED-BODY,verified_body,Astra / BT03-low-dispatch,-g0 -O2 -mips2 -G 0 -non_shared,0,cloud/matches/boot_tail/func_80015178.c,https://github.com/cabi24/SFRush2049-decomp/pull/68,Exact peer source/ABI PASS and source-head Verify 37164693092 success on c196e2126217abb91380b240c68e7ea9c52fd941. Source unchanged; proof in wave8/ci.json.
0x800151D0,func_800151D0,88,BT03,audio_pool_state_800151D0,VERIFIED-BODY,verified_body,Astra / BT03-low-dispatch,-g0 -O2 -mips2 -G 0 -non_shared,0,cloud/matches/boot_tail/func_800151D0.c,https://github.com/cabi24/SFRush2049-decomp/pull/68,Exact peer source/ABI PASS and source-head Verify 37164693092 success on c196e2126217abb91380b240c68e7ea9c52fd941. Source unchanged; proof in wave8/ci.json.
0x80015228,func_80015228,128,BT03,audio_pool_state_80015228,VERIFIED-BODY,verified_body,Astra / BT03-low-service,-g0 -O2 -mips2 -G 0 -non_shared,0,cloud/matches/boot_tail/func_80015228.c,https://github.com/cabi24/SFRush2049-decomp/pull/69,Exact peer source/ABI PASS and source-head Verify 37168100105 success on a6b7e43c9474d7e918ea76acc4f40d06986de2a7. Source unchanged; proof in wave9/ci.json.
0x800152A8,func_800152A8,112,BT03,audio_pool_state_800152A8,VERIFIED-BODY,verified_body,Astra / BT03-low-dispatch,-g0 -O2 -mips2 -G 0 -non_shared,0,cloud/matches/boot_tail/func_800152A8.c,https://github.com/cabi24/SFRush2049-decomp/pull/68,Exact peer source/ABI PASS and source-head Verify 37164693092 success on c196e2126217abb91380b240c68e7ea9c52fd941. Source unchanged; proof in wave8/ci.json.
0x80015318,func_80015318,48,BT03,audio_pool_state_80015318,COMPLETE-NONMATCH,nonmatch,Astra / BT03-low-B,-g0 -O2 -mips2 -G 0 -non_shared,3,cloud/work/boot_tail/BT03-low-B/func_80015318.c,https://github.com/cabi24/SFRush2049-decomp/pull/62,"BT03-low-B; complete NONMATCH, no credit. Bounded narrow-identifier argument-lowering residual; no credit."
0x80015348,func_80015348,36,BT03,audio_pool_state_80015348,COMPLETE-NONMATCH,nonmatch,Astra / BT03-low-B,-g0 -O1 -mips2 -G 0 -non_shared,1,cloud/work/boot_tail/BT03-low-B/func_80015348.c,https://github.com/cabi24/SFRush2049-decomp/pull/62,"BT03-low-B; complete NONMATCH, no credit. Bounded narrow-identifier argument-lowering residual; no credit."
0x8001536C,func_8001536C,312,BT03,audio_pool_state_8001536C,COMPLETE-NONMATCH,nonmatch,Astra / BT03-low-registry,-g0 -O2 -mips2 -G 0 -non_shared,6,cloud/work/boot_tail/BT03-low-registry/func_8001536C_NONMATCH.c,,BT03-low-registry; exact peer source/ABI PASS. Complete bounded nonmatch; zero match credit. Complete five-input resource push. 6/78 strict O2 differences are commuted payload-address add operands; zero nonzero excess or relocation uncertainty. Five bounded forms; address-word/index controls do not improve it.
0x800154A4,func_800154A4,208,BT03,audio_pool_state_800154A4,COMPLETE-NONMATCH,nonmatch,Astra / BT03-low-resource,-g0 -O2 -mips2 -G 0 -non_shared,17,cloud/work/boot_tail/BT03-low-resource/func_800154A4_NONMATCH.c,,"BT03-low-resource; exact peer source/ABI PASS. Complete bounded nonmatch; zero match credit. Whole signed-count pop/dispatch body; O2 17/52, no excess or relocation uncertainty. Three natural body forms stop at count normalization and pointer operand allocation/order. No narrow-value sweeps; valid enabled count/table/resource geometry assumed."
0x80015574,func_80015574,24,BT03,audio_pool_state_80015574,VERIFIED-BODY,verified_body,Astra / BT03-low-C,-g0 -O2 -mips2 -G 0 -non_shared,0,cloud/matches/boot_tail/func_80015574.c,https://github.com/cabi24/SFRush2049-decomp/pull/63,BT03-low-C; peer-reviewed full relocated MATCH and exact-head CI PASS at aeba70fc / run 37155038665. Source and CI provenance: wave3/reviewed_sources.json and wave3/ci.json. No cartridge or maintainer acceptance.
0x8001558C,func_8001558C,348,BT03,locate bank and program and dispatch under optional guard,COMPLETE-NONMATCH,nonmatch,Astra / BT03-low-registers,-g0 -O2 -mips2 -G 0 -non_shared,33,cloud/work/boot_tail/BT03-low-registers/func_8001558C_NONMATCH.c,,"BT03-low-registers; exact peer source/ABI PASS. Complete bounded nonmatch; zero match credit. Complete bounded natural C89; O2 33/87, O1 83/87 +14; narrow-formal allocation/temp residual; zero match credit. Native ABI/layout, manifest439/getter/IDO pins and host800-case controls pass."
0x800156E8,func_800156E8,48,BT03,audio_pool_state_800156E8,COMPLETE-NONMATCH,nonmatch,Astra / BT03-low-C,-g0 -O2 -mips2 -G 0 -non_shared,8,cloud/work/boot_tail/BT03-low-C/func_800156E8.c,https://github.com/cabi24/SFRush2049-decomp/pull/63,"BT03-low-C; complete bounded NONMATCH, no credit. Shared narrow-formal lowering boundary retained; 1 excess word; no credit."
0x80015720,func_80015720,440,BT03,sorted record insertion or reference increment,COMPLETE-NONMATCH,nonmatch,Astra / BT03-low-larger,-g0 -O2 -mips2 -G 0 -non_shared,6,cloud/work/boot_tail/BT03-low-larger/func_80015720_NONMATCH.c,,BT03-low-larger; exact peer source/ABI PASS. Complete bounded nonmatch; zero match credit. BT03-low-larger; strict local evidence and C89/ASan/UBSan tests passed; peer and exact aggregate-head CI pending. Nonmatch receives zero credit.
0x800158D8,func_800158D8,308,BT03,release referenced record and compact table on zero,COMPLETE-NONMATCH,nonmatch,Astra / BT03-low-removal,-g0 -O2 -mips2 -G 0 -non_shared,8,cloud/work/boot_tail/BT03-low-removal/func_800158D8_NONMATCH.c,,BT03-low-removal; exact peer source/ABI PASS. Complete bounded nonmatch; zero match credit. Complete bounded16-form nonmatch. Native frames and O2 lengths exact; no unresolved or unverified relocations. Host1500 cases pass. Packed field/aligned record copy residual;1661C also narrow-formal home/mask. Zero match credit.
0x80015A0C,func_80015A0C,512,BT03,audio_pool_state_80015A0C,COMPLETE-NONMATCH,nonmatch,Astra / BT03-low-final-resource,-g0 -O2 -mips2 -G 0 -non_shared,66,cloud/work/boot_tail/BT03-low-final-resource/func_80015A0C_NONMATCH.c,,"BT03-low-final-resource; exact peer source/ABI PASS. Complete bounded nonmatch; zero match credit. Complete actual-ABI resource body; same packed-copy allocation/expansion gap. One or two natural forms, no prior union/memcpy repeats. Native/list-model/host and relocated object semantics pass under documented bounds; zero matching credit."
0x80015C0C,func_80015C0C,348,BT03,release packed twelve-byte record and compact table on zero,COMPLETE-NONMATCH,nonmatch,Astra / BT03-low-registers,-g0 -O2 -mips2 -G 0 -non_shared,23,cloud/work/boot_tail/BT03-low-registers/func_80015C0C_NONMATCH.c,,"BT03-low-registers; exact peer source/ABI PASS. Complete bounded nonmatch; zero match credit. Complete bounded natural C89; O2 23/87, O1 85/87 +26; aligned packed-copy lowering residual; zero match credit. Native ABI/layout, manifest439/getter/IDO pins and host800-case controls pass."
0x80015D68,func_80015D68,448,BT03,audio_pool_state_80015D68,COMPLETE-NONMATCH,nonmatch,Astra / BT03-low-insert-pair,-g0 -O2 -mips2 -G 0 -non_shared,62,cloud/work/boot_tail/BT03-low-insert-pair/func_80015D68_NONMATCH.c,,BT03-low-insert-pair; exact peer source/ABI PASS. Complete bounded nonmatch; zero match credit. Complete sorted insertion with actual key/payload ABI and packed record geometry. Bounded forms stopped; exact native/list-model/host and relocated-object semantics pass within documented capacity/helper domains. Zero matching credit.
0x80015F28,func_80015F28,308,BT03,release referenced record in second table and compact on zero,COMPLETE-NONMATCH,nonmatch,Astra / BT03-low-removal,-g0 -O2 -mips2 -G 0 -non_shared,8,cloud/work/boot_tail/BT03-low-removal/func_80015F28_NONMATCH.c,,BT03-low-removal; exact peer source/ABI PASS. Complete bounded nonmatch; zero match credit. Complete bounded16-form nonmatch. Native frames and O2 lengths exact; no unresolved or unverified relocations. Host1500 cases pass. Packed field/aligned record copy residual;1661C also narrow-formal home/mask. Zero match credit.
0x8001605C,func_8001605C,324,BT03,audio_pool_state_8001605C,COMPLETE-NONMATCH,nonmatch,Astra / BT03-low-registry,-g0 -O2 -mips2 -G 0 -non_shared,48,cloud/work/boot_tail/BT03-low-registry/func_8001605C_NONMATCH.c,,"BT03-low-registry; exact peer source/ABI PASS. Complete bounded nonmatch; zero match credit. Complete existing/new/full sample-registry preparation. Strict O2 48/81 plus one nonzero excess word, native/candidate frames48; u16 counter normalization and real pointer/count stack-home ordering remain. Three natural forms, then stop."
0x800161A0,func_800161A0,268,BT03,audio_pool_state_800161A0,COMPLETE-NONMATCH,nonmatch,Astra / BT03-low-registry,-g0 -O2 -mips2 -G 0 -non_shared,20,cloud/work/boot_tail/BT03-low-registry/func_800161A0_NONMATCH.c,,BT03-low-registry; exact peer source/ABI PASS. Complete bounded nonmatch; zero match credit. Complete registry removal with live lock-bound count and whole-record shifts. Separate real copy index improves31/67 to20/67; early-return and memcpy controls fail to improve. Four forms then stop; zero matching credit.
0x800162AC,func_800162AC,252,BT03,audio_pool_state_800162AC,VERIFIED-BODY,verified_body,Astra / BT03-low-service,-g0 -O2 -mips2 -G 0 -non_shared,0,cloud/matches/boot_tail/func_800162AC.c,https://github.com/cabi24/SFRush2049-decomp/pull/69,Exact peer source/ABI PASS and source-head Verify 37168100105 success on a6b7e43c9474d7e918ea76acc4f40d06986de2a7. Source unchanged; proof in wave9/ci.json.
0x800163A8,func_800163A8,296,BT03,release matching subrecords and remove unused registry entry,VERIFIED-BODY,verified_body,Astra / BT03-low-registers,-g0 -O2 -mips2 -G 0 -non_shared,0,cloud/matches/boot_tail/func_800163A8.c,https://github.com/cabi24/SFRush2049-decomp/pull/71,Exact peer source/ABI and ELF extent PASS; source-head Verify37170706015 success on 9f08a8c4658289f7433e6b2b4dd92e28a602ac64. Source unchanged; proof in wave11/ci.json.
0x800164D0,func_800164D0,332,BT03,register unique descriptor table and initialize state bytes,VERIFIED-BODY,verified_body,Astra / BT03-low-larger,-g0 -O2 -mips2 -G 0 -non_shared,0,cloud/matches/boot_tail/func_800164D0.c,https://github.com/cabi24/SFRush2049-decomp/pull/70,Exact peer source/ABI PASS and source-head Verify37169207523 success on b935b5c4f79b92f489636e6cc26c68cc81061c73. Source unchanged; proof in wave10/ci.json; independent function-symbol extent audit also passes.
0x8001661C,func_8001661C,256,BT03,remove matching record after guarded live-count reload,COMPLETE-NONMATCH,nonmatch,Astra / BT03-low-removal,-g0 -O2 -mips2 -G 0 -non_shared,31,cloud/work/boot_tail/BT03-low-removal/func_8001661C_NONMATCH.c,,BT03-low-removal; exact peer source/ABI PASS. Complete bounded nonmatch; zero match credit. Complete bounded16-form nonmatch. Native frames and O2 lengths exact; no unresolved or unverified relocations. Host1500 cases pass. Packed field/aligned record copy residual;1661C also narrow-formal home/mask. Zero match credit.
0x8001671C,func_8001671C,636,BT03,audio_pool_state_8001671C,COMPLETE-NONMATCH,nonmatch,Astra / BT03-low-insert-pair,-g0 -O2 -mips2 -G 0 -non_shared,133,cloud/work/boot_tail/BT03-low-insert-pair/func_8001671C_NONMATCH.c,,BT03-low-insert-pair; exact peer source/ABI PASS. Complete bounded nonmatch; zero match credit. Complete sorted insertion with actual key/payload ABI and packed record geometry. Bounded forms stopped; exact native/list-model/host and relocated-object semantics pass within documented capacity/helper domains. Zero matching credit.
0x80016998,func_80016998,608,BT03,audio_pool_state_80016998,COMPLETE-NONMATCH,nonmatch,Astra / BT03-low-final-resource,-g0 -O2 -mips2 -G 0 -non_shared,106,cloud/work/boot_tail/BT03-low-final-resource/func_80016998_NONMATCH.c,,"BT03-low-final-resource; exact peer source/ABI PASS. Complete bounded nonmatch; zero match credit. Complete actual-ABI resource body; same packed-copy allocation/expansion gap. One or two natural forms, no prior union/memcpy repeats. Native/list-model/host and relocated object semantics pass under documented bounds; zero matching credit."
0x80016BF8,func_80016BF8,40,BT03,audio_pool_state_80016BF8,VERIFIED-BODY,verified_body,Astra / BT03-low-C,-g0 -O2 -mips2 -G 0 -non_shared,0,cloud/matches/boot_tail/func_80016BF8.c,https://github.com/cabi24/SFRush2049-decomp/pull/63,BT03-low-C; peer-reviewed full relocated MATCH and exact-head CI PASS at aeba70fc / run 37155038665. Source and CI provenance: wave3/reviewed_sources.json and wave3/ci.json. No cartridge or maintainer acceptance.
0x80016C20,func_80016C20,192,BT03,audio_pool_state_80016C20,COMPLETE-NONMATCH,nonmatch,Astra / BT03-low-lookups,-g0 -O2 -mips2 -G 0 -non_shared,22,cloud/work/boot_tail/BT03-low-lookups/nonmatch/func_80016C20.c,,BT03-low-lookups; exact peer source/ABI PASS. Complete bounded nonmatch; zero match credit. Complete source and bounded O2/O1 controls; see BT03-low-lookups/README.md. No strict match or cartridge coverage.
0x80016CE0,func_80016CE0,16,BT03,audio_pool_state_80016CE0,VERIFIED-BODY,verified_body,Astra / BT03-low-C,-g0 -O2 -mips2 -G 0 -non_shared,0,cloud/matches/boot_tail/func_80016CE0.c,https://github.com/cabi24/SFRush2049-decomp/pull/63,BT03-low-C; peer-reviewed full relocated MATCH and exact-head CI PASS at aeba70fc / run 37155038665. Source and CI provenance: wave3/reviewed_sources.json and wave3/ci.json. No cartridge or maintainer acceptance.
0x80016CF0,func_80016CF0,336,BT03,audio_pool_state_80016CF0,COMPLETE-NONMATCH,nonmatch,Astra / BT03-low-sample-pair,-g0 -O2 -mips2 -G 0 -non_shared,80,cloud/work/boot_tail/BT03-low-sample-pair/nonmatch/func_80016CF0.c,,BT03-low-sample-pair; exact peer source/ABI PASS. Complete bounded nonmatch; zero match credit. COMPLETE-NONMATCH; real five-input search and packed descriptor contract;332-byte ELF versus336 native; zero matching credit.
0x80016E40,func_80016E40,40,BT03,audio_pool_state_80016E40,VERIFIED-BODY,verified_body,Astra / BT03-low-C,-g0 -O2 -mips2 -G 0 -non_shared,0,cloud/matches/boot_tail/func_80016E40.c,https://github.com/cabi24/SFRush2049-decomp/pull/63,BT03-low-C; peer-reviewed full relocated MATCH and exact-head CI PASS at aeba70fc / run 37155038665. Source and CI provenance: wave3/reviewed_sources.json and wave3/ci.json. No cartridge or maintainer acceptance.
0x80016E68,func_80016E68,120,BT03,audio_pool_state_80016E68,COMPLETE-NONMATCH,nonmatch,Astra / BT03-low-lookups,-g0 -O2 -mips2 -G 0 -non_shared,7,cloud/work/boot_tail/BT03-low-lookups/nonmatch/func_80016E68.c,,BT03-low-lookups; exact peer source/ABI PASS. Complete bounded nonmatch; zero match credit. Complete source and bounded O2/O1 controls; see BT03-low-lookups/README.md. No strict match or cartridge coverage.
0x80016EE0,func_80016EE0,120,BT03,audio_pool_state_80016EE0,COMPLETE-NONMATCH,nonmatch,Astra / BT03-low-lookups,-g0 -O2 -mips2 -G 0 -non_shared,7,cloud/work/boot_tail/BT03-low-lookups/nonmatch/func_80016EE0.c,,BT03-low-lookups; exact peer source/ABI PASS. Complete bounded nonmatch; zero match credit. Complete source and bounded O2/O1 controls; see BT03-low-lookups/README.md. No strict match or cartridge coverage.
0x80016F58,func_80016F58,40,BT03,audio_pool_state_80016F58,VERIFIED-BODY,verified_body,Astra / BT03-low-C,-g0 -O2 -mips2 -G 0 -non_shared,0,cloud/matches/boot_tail/func_80016F58.c,https://github.com/cabi24/SFRush2049-decomp/pull/63,BT03-low-C; peer-reviewed full relocated MATCH and exact-head CI PASS at aeba70fc / run 37155038665. Source and CI provenance: wave3/reviewed_sources.json and wave3/ci.json. No cartridge or maintainer acceptance.
0x80016F80,func_80016F80,152,BT03,audio_pool_state_80016F80,COMPLETE-NONMATCH,nonmatch,Astra / BT03-low-lookups,-g0 -O2 -mips2 -G 0 -non_shared,13,cloud/work/boot_tail/BT03-low-lookups/nonmatch/func_80016F80.c,,BT03-low-lookups; exact peer source/ABI PASS. Complete bounded nonmatch; zero match credit. Complete source and bounded O2/O1 controls; see BT03-low-lookups/README.md. No strict match or cartridge coverage.
0x80017018,func_80017018,40,BT03,audio_pool_state_80017018,VERIFIED-BODY,verified_body,Astra / BT03-low-C,-g0 -O2 -mips2 -G 0 -non_shared,0,cloud/matches/boot_tail/func_80017018.c,https://github.com/cabi24/SFRush2049-decomp/pull/63,BT03-low-C; peer-reviewed full relocated MATCH and exact-head CI PASS at aeba70fc / run 37155038665. Source and CI provenance: wave3/reviewed_sources.json and wave3/ci.json. No cartridge or maintainer acceptance.
0x80017040,func_80017040,200,BT03,audio_pool_state_80017040,COMPLETE-NONMATCH,nonmatch,Astra / BT03-low-lookups,-g0 -O2 -mips2 -G 0 -non_shared,46,cloud/work/boot_tail/BT03-low-lookups/nonmatch/func_80017040.c,,BT03-low-lookups; exact peer source/ABI PASS. Complete bounded nonmatch; zero match credit. Complete source and bounded O2/O1 controls; see BT03-low-lookups/README.md. No strict match or cartridge coverage.
0x80017108,func_80017108,172,BT03,audio_pool_state_80017108,VERIFIED-BODY,verified_body,Astra / BT03-low-service,-g0 -O2 -mips2 -G 0 -non_shared,0,cloud/matches/boot_tail/func_80017108.c,https://github.com/cabi24/SFRush2049-decomp/pull/69,Exact peer source/ABI PASS and source-head Verify 37168100105 success on a6b7e43c9474d7e918ea76acc4f40d06986de2a7. Source unchanged; proof in wave9/ci.json.
0x800171C0,func_800171C0,220,BT03,initialize 256-entry doubly-linked free list,VERIFIED-BODY,verified_body,Astra / BT03-low-eight,-g0 -O2 -mips2 -G 0 -non_shared,0,cloud/matches/boot_tail/func_800171C0.c,https://github.com/cabi24/SFRush2049-decomp/pull/68,Exact peer source/ABI PASS and source-head Verify 37164693092 success on c196e2126217abb91380b240c68e7ea9c52fd941. Source unchanged; proof in wave8/ci.json.
0x8001729C,func_8001729C,176,BT03,return active and pending lists to free list,VERIFIED-BODY,verified_body,Astra / BT03-low-eight,-g0 -O2 -mips2 -G 0 -non_shared,0,cloud/matches/boot_tail/func_8001729C.c,https://github.com/cabi24/SFRush2049-decomp/pull/68,Exact peer source/ABI PASS and source-head Verify 37164693092 success on c196e2126217abb91380b240c68e7ea9c52fd941. Source unchanged; proof in wave8/ci.json.
0x8001734C,func_8001734C,104,BT03,audio_channel_control_8001734C,VERIFIED-BODY,verified_body,Astra / BT03-low-service,-g0 -O2 -mips2 -G 0 -non_shared,0,cloud/matches/boot_tail/func_8001734C.c,https://github.com/cabi24/SFRush2049-decomp/pull/69,Exact peer source/ABI PASS and source-head Verify 37168100105 success on a6b7e43c9474d7e918ea76acc4f40d06986de2a7. Source unchanged; proof in wave9/ci.json.
0x800173B4,func_800173B4,92,BT03,move free-list head to current active list,VERIFIED-BODY,verified_body,Astra / BT03-low-eight,-g0 -O2 -mips2 -G 0 -non_shared,0,cloud/matches/boot_tail/func_800173B4.c,https://github.com/cabi24/SFRush2049-decomp/pull/68,Exact peer source/ABI PASS and source-head Verify 37164693092 success on c196e2126217abb91380b240c68e7ea9c52fd941. Source unchanged; proof in wave8/ci.json.
0x80017410,func_80017410,96,BT03,return active node to free list,VERIFIED-BODY,verified_body,Astra / BT03-low-eight,-g0 -O2 -mips2 -G 0 -non_shared,0,cloud/matches/boot_tail/func_80017410.c,https://github.com/cabi24/SFRush2049-decomp/pull/68,Exact peer source/ABI PASS and source-head Verify 37164693092 success on c196e2126217abb91380b240c68e7ea9c52fd941. Source unchanged; proof in wave8/ci.json.
0x80017470,func_80017470,96,BT03,return pending node to free list,VERIFIED-BODY,verified_body,Astra / BT03-low-eight,-g0 -O2 -mips2 -G 0 -non_shared,0,cloud/matches/boot_tail/func_80017470.c,https://github.com/cabi24/SFRush2049-decomp/pull/68,Exact peer source/ABI PASS and source-head Verify 37164693092 success on c196e2126217abb91380b240c68e7ea9c52fd941. Source unchanged; proof in wave8/ci.json.
0x800174D0,func_800174D0,112,BT03,move active node to current pending list,VERIFIED-BODY,verified_body,Astra / BT03-low-eight,-g0 -O2 -mips2 -G 0 -non_shared,0,cloud/matches/boot_tail/func_800174D0.c,https://github.com/cabi24/SFRush2049-decomp/pull/68,Exact peer source/ABI PASS and source-head Verify 37164693092 success on c196e2126217abb91380b240c68e7ea9c52fd941. Source unchanged; proof in wave8/ci.json.
0x80017540,func_80017540,104,BT03,audio_channel_control_80017540,VERIFIED-BODY,verified_body,Astra / BT03-high-helpers,-g0 -O2 -mips2 -G 0 -non_shared,0,cloud/matches/boot_tail/func_80017540.c,https://github.com/cabi24/SFRush2049-decomp/pull/67,Exact peer source/ABI PASS and source-head Verify 37160610106 success on 3dd49752e74dda49a581db52efe291782b80521b. Source unchanged; proof in wave7/ci.json.
0x800175A8,func_800175A8,12,BT03,audio_channel_control_800175A8,VERIFIED-BODY,verified_body,Astra / BT03-high,-g0 -O2 -mips2 -G 0 -non_shared,0,cloud/matches/boot_tail/func_800175A8.c,https://github.com/cabi24/SFRush2049-decomp/pull/61,"BT03-high; independently reviewed source/ABI, strict full relocated MATCH and exact-source-head CI PASS at 3574dbec (run 37152316686). Source hash and provenance: wave1/reviewed_sources.json; receipt wave1/ci.json. Verified body only, no cartridge or maintainer acceptance."
0x800175B4,func_800175B4,144,BT03,audio_routing_800175B4,VERIFIED-BODY,verified_body,Astra / BT03-high-routing,-g0 -O2 -mips2 -G 0 -non_shared,0,cloud/matches/boot_tail/func_800175B4.c,https://github.com/cabi24/SFRush2049-decomp/pull/69,Exact peer source/ABI PASS and source-head Verify 37168100105 success on a6b7e43c9474d7e918ea76acc4f40d06986de2a7. Source unchanged; proof in wave9/ci.json.
0x80017644,func_80017644,220,BT03,audio_channel_control_80017644,VERIFIED-BODY,verified_body,Astra / BT03-low-service,-g0 -O2 -mips2 -G 0 -non_shared,0,cloud/matches/boot_tail/func_80017644.c,https://github.com/cabi24/SFRush2049-decomp/pull/69,Exact peer source/ABI PASS and source-head Verify 37168100105 success on a6b7e43c9474d7e918ea76acc4f40d06986de2a7. Source unchanged; proof in wave9/ci.json.
0x80017720,func_80017720,204,BT03,audio_transition_80017720,COMPLETE-NONMATCH,nonmatch,Astra / BT03-high-transitions,-g0 -O2 -mips2 -G 0 -non_shared,51,cloud/work/boot_tail/BT03-high-transitions/nonmatch/func_80017720.c,,BT03-high-transitions; exact peer source/ABI PASS. Complete bounded nonmatch; zero match credit. Three strict O2 matches and three complete bounded residuals; real native ABI and valid-resource domains explicit. Peer review and exact aggregate-head CI required.
0x800177EC,func_800177EC,56,BT03,audio_channel_control_800177EC,COMPLETE-NONMATCH,nonmatch,Astra / BT03-high,-g0 -O1 -mips2 -G 0 -non_shared,4,cloud/work/boot_tail/BT03-high/nonmatch/func_800177EC.c,,"BT03-high; COMPLETE-NONMATCH, no credit. COMPLETE-NONMATCH; bounded source refinements stopped. See BT03-high/README.md and verification.json for controls and next hypothesis."
0x80017824,func_80017824,56,BT03,audio_channel_control_80017824,COMPLETE-NONMATCH,nonmatch,Astra / BT03-high,-g0 -O1 -mips2 -G 0 -non_shared,4,cloud/work/boot_tail/BT03-high/nonmatch/func_80017824.c,,"BT03-high; COMPLETE-NONMATCH, no credit. COMPLETE-NONMATCH; bounded source refinements stopped. See BT03-high/README.md and verification.json for controls and next hypothesis."
0x8001785C,func_8001785C,84,BT03,audio_channel_control_8001785C,COMPLETE-NONMATCH,nonmatch,Astra / BT03-high-medium,-g0 -O2 -mips2 -G 0 -non_shared,17,cloud/work/boot_tail/BT03-high-medium/nonmatch/func_8001785C.c,https://github.com/cabi24/SFRush2049-decomp/pull/63,"BT03-high-medium; complete bounded NONMATCH, no credit. COMPLETE-NONMATCH; natural-source coalescing/structure residual. See BT03-high-medium README and controls."
0x800178B0,func_800178B0,1160,BT03,audio_channel_control_800178B0,HYPOTHESIS,open,,,,,,C08; role/ABI unproved; metadata scan leads only; unclaimed matching target.
0x80017D38,func_80017D38,872,BT03,audio_channel_control_80017D38,COMPLETE-NONMATCH,nonmatch,Astra / BT03-high-sequence-events,-g0 -O2 -mips2 -G 0 -non_shared,173,cloud/work/boot_tail/BT03-high-sequence-events/nonmatch/func_80017D38.c,,BT03-high-sequence-events; fresh recovered source/ABI peer PASS. Complete bounded nonmatch; zero matching credit.
0x800180A0,func_800180A0,228,BT03,audio_medium_tail_800180A0,COMPLETE-NONMATCH,nonmatch,Astra / BT03-high-medium-tail,-g0 -O2 -mips2 -G 0 -non_shared,26,cloud/work/boot_tail/BT03-high-medium-tail/nonmatch/func_800180A0.c,,BT03-high-medium-tail; exact peer source/ABI PASS. Complete bounded nonmatch; zero match credit. Four strict O2 matches / 928 B and two complete bounded residuals / 436 B. Actual ABI and valid list/record domains documented; independent review and aggregate CI required.
0x80018184,func_80018184,200,BT03,audio_transition_80018184,COMPLETE-NONMATCH,nonmatch,Astra / BT03-high-transitions,-g0 -O2 -mips2 -G 0 -non_shared,6,cloud/work/boot_tail/BT03-high-transitions/nonmatch/func_80018184.c,,BT03-high-transitions; exact peer source/ABI PASS. Complete bounded nonmatch; zero match credit. Three strict O2 matches and three complete bounded residuals; real native ABI and valid-resource domains explicit. Peer review and exact aggregate-head CI required.
0x8001824C,func_8001824C,508,BT03,audio_runtime_followon_8001824C,COMPLETE-NONMATCH,nonmatch,Astra / BT03-high-runtime-followon,-g0 -O2 -mips2 -G 0 -non_shared,89,cloud/work/boot_tail/BT03-high-runtime-followon/nonmatch/func_8001824C.c,,BT03-high-runtime-followon; exact peer source/ABI PASS. Complete bounded nonmatch; zero match credit. Two strict bodies / 940 B with exact ELF extents; four complete residuals / 1828 B. Actual ABI and bounded pointer/FP/stream domains explicit; peer review and aggregate CI required.
0x80018448,func_80018448,492,BT03,audio_runtime_followon_80018448,COMPLETE-NONMATCH,nonmatch,Astra / BT03-high-runtime-followon,-g0 -O2 -mips2 -G 0 -non_shared,87,cloud/work/boot_tail/BT03-high-runtime-followon/nonmatch/func_80018448.c,,BT03-high-runtime-followon; exact peer source/ABI PASS. Complete bounded nonmatch; zero match credit. Two strict bodies / 940 B with exact ELF extents; four complete residuals / 1828 B. Actual ABI and bounded pointer/FP/stream domains explicit; peer review and aggregate CI required.
0x80018634,func_80018634,840,BT03,sequence_track_event_dispatch,COMPLETE-NONMATCH,nonmatch,Astra / BT03-runtime-singleton,-g0 -O2 -mips2 -G 0 -non_shared,117,cloud/work/boot_tail/BT03-runtime-singleton/nonmatch/func_80018634.c,,"BT03-runtime-singleton; exact peer source/ABI PASS. Complete bounded nonmatch; zero match credit. Exact840-byte ELF function,117/210 relocated word residual; native88-byte versus candidate72-byte frame. Complete native/host behavior with42 synthetic differential native replay cases; no match credit."
0x8001897C,func_8001897C,180,BT03,audio_runtime_8001897C,COMPLETE-NONMATCH,nonmatch,Astra / BT03-high-runtime,-g0 -O2 -mips2 -G 0 -non_shared,14,cloud/work/boot_tail/BT03-high-runtime/nonmatch/func_8001897C.c,,BT03-high-runtime; exact peer source/ABI PASS. Complete bounded nonmatch; zero match credit. Four strict O2 bodies and two complete residuals; failed O1 relocation controls remain explicit. Actual native ABI/domain audited; peer review and exact aggregate-head CI required.
0x80018A30,func_80018A30,188,BT03,audio_runtime_80018A30,VERIFIED-BODY,verified_body,Astra / BT03-high-runtime,-g0 -O2 -mips2 -G 0 -non_shared,0,cloud/matches/boot_tail/func_80018A30.c,https://github.com/cabi24/SFRush2049-decomp/pull/69,Exact peer source/ABI PASS and source-head Verify 37168100105 success on a6b7e43c9474d7e918ea76acc4f40d06986de2a7. Source unchanged; proof in wave9/ci.json.
0x80018AEC,func_80018AEC,80,BT03,audio_channel_control_80018AEC,COMPLETE-NONMATCH,nonmatch,Astra / BT03-high-medium,-g0 -O2 -mips2 -G 0 -non_shared,6,cloud/work/boot_tail/BT03-high-medium/nonmatch/func_80018AEC.c,https://github.com/cabi24/SFRush2049-decomp/pull/63,"BT03-high-medium; complete bounded NONMATCH, no credit. COMPLETE-NONMATCH; natural-source coalescing/structure residual. See BT03-high-medium README and controls."
0x80018B3C,func_80018B3C,80,BT03,audio_channel_control_80018B3C,VERIFIED-BODY,verified_body,Astra / BT03-high-helpers,-g0 -O2 -mips2 -G 0 -non_shared,0,cloud/matches/boot_tail/func_80018B3C.c,https://github.com/cabi24/SFRush2049-decomp/pull/67,Exact peer source/ABI PASS and source-head Verify 37160610106 success on 3dd49752e74dda49a581db52efe291782b80521b. Source unchanged; proof in wave7/ci.json.
0x80018B8C,func_80018B8C,96,BT03,audio_channel_control_80018B8C,VERIFIED-BODY,verified_body,Astra / BT03-high-control,-g0 -O2 -mips2 -G 0 -non_shared,0,cloud/matches/boot_tail/func_80018B8C.c,https://github.com/cabi24/SFRush2049-decomp/pull/66,Exact peer source/ABI PASS and source-head Verify37159760954 success on e22b0c2d2437c16a2448c048240f3a5ec2d7b33c. Source unchanged; proof in wave6/ci.json.
0x80018BEC,func_80018BEC,64,BT03,audio_channel_control_80018BEC,COMPLETE-NONMATCH,nonmatch,Astra / BT03-high-control,-g0 -O2 -mips2 -G 0 -non_shared,3,cloud/work/boot_tail/BT03-high-control/nonmatch/func_80018BEC.c,,BT03-high-control; exact peer source/ABI PASS. Complete bounded nonmatch; zero match credit. COMPLETE-NONMATCH; meaningful byte/result coalescing remains unresolved. See packet diagnosis and bounded controls.
0x80018C2C,func_80018C2C,212,BT03,audio_medium_tail_80018C2C,VERIFIED-BODY,verified_body,Astra / BT03-high-medium-tail,-g0 -O2 -mips2 -G 0 -non_shared,0,cloud/matches/boot_tail/func_80018C2C.c,https://github.com/cabi24/SFRush2049-decomp/pull/70,Exact peer source/ABI PASS and source-head Verify37169207523 success on b935b5c4f79b92f489636e6cc26c68cc81061c73. Source unchanged; proof in wave10/ci.json; independent function-symbol extent audit also passes.
0x80018D00,func_80018D00,64,BT03,audio_channel_control_80018D00,VERIFIED-BODY,verified_body,Astra / BT03-high-gates,-g0 -O2 -mips2 -G 0 -non_shared,0,cloud/matches/boot_tail/func_80018D00.c,https://github.com/cabi24/SFRush2049-decomp/pull/63,BT03-high-gates; peer-reviewed full relocated MATCH and exact-head CI PASS at aeba70fc / run 37155038665. Source and CI provenance: wave3/reviewed_sources.json and wave3/ci.json. No cartridge or maintainer acceptance.
0x80018D40,func_80018D40,236,BT03,audio_medium_tail_80018D40,VERIFIED-BODY,verified_body,Astra / BT03-high-medium-tail,-g0 -O2 -mips2 -G 0 -non_shared,0,cloud/matches/boot_tail/func_80018D40.c,https://github.com/cabi24/SFRush2049-decomp/pull/70,Exact peer source/ABI PASS and source-head Verify37169207523 success on b935b5c4f79b92f489636e6cc26c68cc81061c73. Source unchanged; proof in wave10/ci.json; independent function-symbol extent audit also passes.
0x80018E2C,func_80018E2C,64,BT03,audio_channel_control_80018E2C,VERIFIED-BODY,verified_body,Astra / BT03-high-gates,-g0 -O2 -mips2 -G 0 -non_shared,0,cloud/matches/boot_tail/func_80018E2C.c,https://github.com/cabi24/SFRush2049-decomp/pull/63,BT03-high-gates; peer-reviewed full relocated MATCH and exact-head CI PASS at aeba70fc / run 37155038665. Source and CI provenance: wave3/reviewed_sources.json and wave3/ci.json. No cartridge or maintainer acceptance.
0x80018E6C,func_80018E6C,72,BT03,audio_parameter_80018E6C,VERIFIED-BODY,verified_body,Astra / BT03-high-params,-g0 -O2 -mips2 -G 0 -non_shared,0,cloud/matches/boot_tail/func_80018E6C.c,https://github.com/cabi24/SFRush2049-decomp/pull/69,Exact peer source/ABI PASS and source-head Verify 37168100105 success on a6b7e43c9474d7e918ea76acc4f40d06986de2a7. Source unchanged; proof in wave9/ci.json.
0x80018EB4,func_80018EB4,108,BT03,audio_channel_control_80018EB4,VERIFIED-BODY,verified_body,Astra / BT03-high-control,-g0 -O2 -mips2 -G 0 -non_shared,0,cloud/matches/boot_tail/func_80018EB4.c,https://github.com/cabi24/SFRush2049-decomp/pull/66,Exact peer source/ABI PASS and source-head Verify37159760954 success on e22b0c2d2437c16a2448c048240f3a5ec2d7b33c. Source unchanged; proof in wave6/ci.json.
0x80018F20,func_80018F20,132,BT03,audio_routing_80018F20,VERIFIED-BODY,verified_body,Astra / BT03-high-routing,-g0 -O2 -mips2 -G 0 -non_shared,0,cloud/matches/boot_tail/func_80018F20.c,https://github.com/cabi24/SFRush2049-decomp/pull/69,Exact peer source/ABI PASS and source-head Verify 37168100105 success on a6b7e43c9474d7e918ea76acc4f40d06986de2a7. Source unchanged; proof in wave9/ci.json.
0x80018FA4,func_80018FA4,72,BT03,audio_channel_control_80018FA4,VERIFIED-BODY,verified_body,Astra / BT03-high-service,-g0 -O2 -mips2 -G 0 -non_shared,0,cloud/matches/boot_tail/func_80018FA4.c,https://github.com/cabi24/SFRush2049-decomp/pull/64,Paired source/ABI review and exact source-head Verify 37156783599 PASS on cbd048e6d03710fe828c8844de4d9d010da19ae0. Source unchanged; proof in wave4/ci.json.
0x80018FEC,func_80018FEC,128,BT03,audio_parameter_80018FEC,VERIFIED-BODY,verified_body,Astra / BT03-high-params,-g0 -O2 -mips2 -G 0 -non_shared,0,cloud/matches/boot_tail/func_80018FEC.c,https://github.com/cabi24/SFRush2049-decomp/pull/69,Exact peer source/ABI PASS and source-head Verify 37168100105 success on a6b7e43c9474d7e918ea76acc4f40d06986de2a7. Source unchanged; proof in wave9/ci.json.
0x8001906C,func_8001906C,64,BT03,audio_channel_control_8001906C,VERIFIED-BODY,verified_body,Astra / BT03-high-gates,-g0 -O2 -mips2 -G 0 -non_shared,0,cloud/matches/boot_tail/func_8001906C.c,https://github.com/cabi24/SFRush2049-decomp/pull/63,BT03-high-gates; peer-reviewed full relocated MATCH and exact-head CI PASS at aeba70fc / run 37155038665. Source and CI provenance: wave3/reviewed_sources.json and wave3/ci.json. No cartridge or maintainer acceptance.
0x800190AC,func_800190AC,152,BT03,audio_routing_800190AC,VERIFIED-BODY,verified_body,Astra / BT03-high-routing,-g0 -O2 -mips2 -G 0 -non_shared,0,cloud/matches/boot_tail/func_800190AC.c,https://github.com/cabi24/SFRush2049-decomp/pull/69,Exact peer source/ABI PASS and source-head Verify 37168100105 success on a6b7e43c9474d7e918ea76acc4f40d06986de2a7. Source unchanged; proof in wave9/ci.json.
0x80019144,func_80019144,80,BT03,audio_channel_control_80019144,VERIFIED-BODY,verified_body,Astra / BT03-high-service,-g0 -O2 -mips2 -G 0 -non_shared,0,cloud/matches/boot_tail/func_80019144.c,https://github.com/cabi24/SFRush2049-decomp/pull/64,Paired source/ABI review and exact source-head Verify 37156783599 PASS on cbd048e6d03710fe828c8844de4d9d010da19ae0. Source unchanged; proof in wave4/ci.json.
0x80019194,func_80019194,476,BT03,audio_runtime_followon_80019194,VERIFIED-BODY,verified_body,Astra / BT03-high-runtime-followon,-g0 -O2 -mips2 -G 0 -non_shared,0,cloud/matches/boot_tail/func_80019194.c,https://github.com/cabi24/SFRush2049-decomp/pull/73,"BT03-high-runtime-followon; immutable peer source/ABI PASS, exact relocated body and ELF extent verified; PR73 exact-head CI success at f366682b / tree7aeba9eb. Domain limits remain in packet."
0x80019370,func_80019370,88,BT03,audio_channel_control_80019370,VERIFIED-BODY,verified_body,Astra / BT03-high-service,-g0 -O2 -mips2 -G 0 -non_shared,0,cloud/matches/boot_tail/func_80019370.c,https://github.com/cabi24/SFRush2049-decomp/pull/64,Paired source/ABI review and exact source-head Verify 37156783599 PASS on cbd048e6d03710fe828c8844de4d9d010da19ae0. Source unchanged; proof in wave4/ci.json.
0x800193C8,func_800193C8,88,BT03,audio_channel_control_800193C8,VERIFIED-BODY,verified_body,Astra / BT03-high-control,-g0 -O2 -mips2 -G 0 -non_shared,0,cloud/matches/boot_tail/func_800193C8.c,https://github.com/cabi24/SFRush2049-decomp/pull/66,Exact peer source/ABI PASS and source-head Verify37159760954 success on e22b0c2d2437c16a2448c048240f3a5ec2d7b33c. Source unchanged; proof in wave6/ci.json.
0x80019420,func_80019420,112,BT03,audio_channel_control_80019420,COMPLETE-NONMATCH,nonmatch,Astra / BT03-high-control,-g0 -O2 -mips2 -G 0 -non_shared,14,cloud/work/boot_tail/BT03-high-control/nonmatch/func_80019420.c,,BT03-high-control; exact peer source/ABI PASS. Complete bounded nonmatch; zero match credit. COMPLETE-NONMATCH; meaningful byte/result coalescing remains unresolved. See packet diagnosis and bounded controls.
0x80019490,func_80019490,960,BT03,audio_channel_control_80019490,COMPLETE-NONMATCH,nonmatch,Astra / BT03-sequence-dispatch,-g0 -O2 -mips2 -G 0 -non_shared,109,cloud/work/boot_tail/BT03-sequence-dispatch/nonmatch/func_80019490.c,,BT03-sequence-dispatch; exact peer source/ABI PASS. Complete bounded nonmatch; zero matching credit.
0x80019850,func_80019850,76,BT03,audio_channel_control_80019850,VERIFIED-BODY,verified_body,Astra / BT03-high-service,-g0 -O2 -mips2 -G 0 -non_shared,0,cloud/matches/boot_tail/func_80019850.c,https://github.com/cabi24/SFRush2049-decomp/pull/64,Paired source/ABI review and exact source-head Verify 37156783599 PASS on cbd048e6d03710fe828c8844de4d9d010da19ae0. Source unchanged; proof in wave4/ci.json.
0x8001989C,func_8001989C,44,BT03,audio_channel_control_8001989C,COMPLETE-NONMATCH,nonmatch,Astra / BT03-high,-g0 -O2 -mips2 -G 0 -non_shared,2,cloud/work/boot_tail/BT03-high/nonmatch/func_8001989C.c,,"BT03-high; COMPLETE-NONMATCH, no credit. COMPLETE-NONMATCH; bounded source refinements stopped. See BT03-high/README.md and verification.json for controls and next hypothesis."
0x800198C8,func_800198C8,300,BT03,audio_runtime_lists_800198C8,VERIFIED-BODY,verified_body,Astra / BT03-high-runtime-lists,-g0 -O2 -mips2 -G 0 -non_shared,0,cloud/matches/boot_tail/func_800198C8.c,https://github.com/cabi24/SFRush2049-decomp/pull/72,Exact peer source/ABI/ELF extent PASS and source-head Verify37172540204 success on 1ef54c2e507e6d29cc22d041bf5d99dc2173bfd8. Fresh Git-data read-back binds exact reviewed tree; proof in wave12/ci.json.
0x800199F4,func_800199F4,100,BT03,audio_channel_control_800199F4,VERIFIED-BODY,verified_body,Astra / BT03-high-control,-g0 -O2 -mips2 -G 0 -non_shared,0,cloud/matches/boot_tail/func_800199F4.c,https://github.com/cabi24/SFRush2049-decomp/pull/66,Exact peer source/ABI PASS and source-head Verify37159760954 success on e22b0c2d2437c16a2448c048240f3a5ec2d7b33c. Source unchanged; proof in wave6/ci.json.
0x80019A60,func_80019A60,72,BT03,audio_command_prepare_80019A60,COMPLETE-NONMATCH,nonmatch,Astra / BT03-high-medium,-g0 -O2 -mips2 -G 0 -non_shared,6,cloud/work/boot_tail/BT03-high-medium/nonmatch/func_80019A60.c,https://github.com/cabi24/SFRush2049-decomp/pull/63,"BT03-high-medium; complete bounded NONMATCH, no credit. COMPLETE-NONMATCH; natural-source coalescing/structure residual. See BT03-high-medium README and controls."
0x80019AA8,func_80019AA8,44,BT03,audio_command_prepare_80019AA8,VERIFIED-BODY,verified_body,Astra / BT03-high,-g0 -O2 -mips2 -G 0 -non_shared,0,cloud/matches/boot_tail/func_80019AA8.c,https://github.com/cabi24/SFRush2049-decomp/pull/61,"BT03-high; independently reviewed source/ABI, strict full relocated MATCH and exact-source-head CI PASS at 3574dbec (run 37152316686). Source hash and provenance: wave1/reviewed_sources.json; receipt wave1/ci.json. Verified body only, no cartridge or maintainer acceptance."
0x80019AD4,func_80019AD4,272,BT03,audio_larger_80019AD4,COMPLETE-NONMATCH,nonmatch,Astra / BT03-high-larger,-g0 -O2 -mips2 -G 0 -non_shared,18,cloud/work/boot_tail/BT03-high-larger/nonmatch/func_80019AD4.c,,BT03-high-larger; exact peer source/ABI PASS. Complete bounded nonmatch; zero match credit. Three strict O2 matches / 780 B and three complete bounded residuals / 788 B. Actual ABI and valid registered-chain/list domains explicit; independent review and aggregate CI required.
0x80019BE4,func_80019BE4,168,BT03,audio_runtime_80019BE4,VERIFIED-BODY,verified_body,Astra / BT03-high-runtime,-g0 -O2 -mips2 -G 0 -non_shared,0,cloud/matches/boot_tail/func_80019BE4.c,https://github.com/cabi24/SFRush2049-decomp/pull/69,Exact peer source/ABI PASS and source-head Verify 37168100105 success on a6b7e43c9474d7e918ea76acc4f40d06986de2a7. Source unchanged; proof in wave9/ci.json.
0x80019C8C,func_80019C8C,580,BT03,audio_command_prepare_80019C8C,VERIFIED-BODY,verified_body,Astra / BT03-high-spatial-control,-g0 -O2 -mips2 -G 0 -non_shared,0,cloud/matches/boot_tail/func_80019C8C.c,https://github.com/cabi24/SFRush2049-decomp/pull/74,BT03-high-spatial-control; exact peer source/ABI and full body/ELF proof; PR74 exact-head CI success at496a72b0/treeb116b828. Packet runtime domains remain explicit.
0x80019ED0,func_80019ED0,120,BT03,audio_parameter_80019ED0,COMPLETE-NONMATCH,nonmatch,Astra / BT03-high-params,-g0 -O2 -mips2 -G 0 -non_shared,7,cloud/work/boot_tail/BT03-high-params/nonmatch/func_80019ED0.c,,"BT03-high-params; exact peer source/ABI PASS. Complete bounded nonmatch; zero match credit. Four strict local matches, two complete bounded residuals. Native ABI/domain audited; peer review and exact aggregate-head CI required."
0x80019F48,func_80019F48,808,BT03,audio_command_prepare_80019F48,COMPLETE-NONMATCH,nonmatch,Astra / BT03-constructor-pair,-g0 -O2 -mips2 -G 0 -non_shared,170,cloud/work/boot_tail/BT03-constructor-pair/nonmatch/func_80019F48.c,,BT03-constructor-pair; exact peer source/ABI PASS. Complete bounded nonmatch; zero matching credit.
0x8001A270,func_8001A270,872,BT03,audio_command_prepare_8001A270,COMPLETE-NONMATCH,nonmatch,Astra / BT03-constructor-pair,-g0 -O2 -mips2 -G 0 -non_shared,195,cloud/work/boot_tail/BT03-constructor-pair/nonmatch/func_8001A270.c,,BT03-constructor-pair; exact peer source/ABI PASS. Complete bounded nonmatch; zero matching credit.
0x8001A5D8,func_8001A5D8,128,BT03,audio_routing_8001A5D8,COMPLETE-NONMATCH,nonmatch,Astra / BT03-high-routing,-g0 -O2 -mips2 -G 0 -non_shared,19,cloud/work/boot_tail/BT03-high-routing/nonmatch/func_8001A5D8.c,,BT03-high-routing; exact peer source/ABI PASS. Complete bounded nonmatch; zero match credit. Five strict local matches and one complete bounded interpolation residual; actual native ABI/domain audited. Peer review and exact aggregate-head CI required.
0x8001A658,func_8001A658,2812,BT03,audio_command_prepare_8001A658,HYPOTHESIS,open,,,,,,C09; role/ABI unproved; metadata scan leads only; unclaimed matching target.
0x8001B154,func_8001B154,124,BT03,audio_parameter_8001B154,VERIFIED-BODY,verified_body,Astra / BT03-high-params,-g0 -O2 -mips2 -G 0 -non_shared,0,cloud/matches/boot_tail/func_8001B154.c,https://github.com/cabi24/SFRush2049-decomp/pull/69,Exact peer source/ABI PASS and source-head Verify 37168100105 success on a6b7e43c9474d7e918ea76acc4f40d06986de2a7. Source unchanged; proof in wave9/ci.json.
0x8001B1D0,func_8001B1D0,204,BT03,audio_transition_8001B1D0,COMPLETE-NONMATCH,nonmatch,Astra / BT03-high-transitions,-g0 -O2 -mips2 -G 0 -non_shared,48,cloud/work/boot_tail/BT03-high-transitions/nonmatch/func_8001B1D0.c,,BT03-high-transitions; exact peer source/ABI PASS. Complete bounded nonmatch; zero match credit. Three strict O2 matches and three complete bounded residuals; real native ABI and valid-resource domains explicit. Peer review and exact aggregate-head CI required.
0x8001B29C,func_8001B29C,260,BT03,audio_larger_8001B29C,VERIFIED-BODY,verified_body,Astra / BT03-high-larger,-g0 -O2 -mips2 -G 0 -non_shared,0,cloud/matches/boot_tail/func_8001B29C.c,https://github.com/cabi24/SFRush2049-decomp/pull/70,Exact peer source/ABI PASS and source-head Verify37169207523 success on b935b5c4f79b92f489636e6cc26c68cc81061c73. Source unchanged; proof in wave10/ci.json; independent function-symbol extent audit also passes.
0x8001B3A0,func_8001B3A0,260,BT03,audio_larger_8001B3A0,VERIFIED-BODY,verified_body,Astra / BT03-high-larger,-g0 -O2 -mips2 -G 0 -non_shared,0,cloud/matches/boot_tail/func_8001B3A0.c,https://github.com/cabi24/SFRush2049-decomp/pull/70,Exact peer source/ABI PASS and source-head Verify37169207523 success on b935b5c4f79b92f489636e6cc26c68cc81061c73. Source unchanged; proof in wave10/ci.json; independent function-symbol extent audit also passes.
0x8001B4A4,func_8001B4A4,336,BT03,audio_chains_8001B4A4,COMPLETE-NONMATCH,nonmatch,Astra / BT03-high-chains,-g0 -O2 -mips2 -G 0 -non_shared,61,cloud/work/boot_tail/BT03-high-chains/nonmatch/func_8001B4A4.c,,"BT03-high-chains; exact peer source/ABI PASS. Complete bounded nonmatch; zero match credit. Three strict O2 matches / 916 B and three complete residuals / 948 B. Native ABI, live callback fields and bounded resource domains explicit; peer review and aggregate CI required."
0x8001B5F4,func_8001B5F4,336,BT03,audio_chains_8001B5F4,COMPLETE-NONMATCH,nonmatch,Astra / BT03-high-chains,-g0 -O2 -mips2 -G 0 -non_shared,61,cloud/work/boot_tail/BT03-high-chains/nonmatch/func_8001B5F4.c,,"BT03-high-chains; exact peer source/ABI PASS. Complete bounded nonmatch; zero match credit. Three strict O2 matches / 916 B and three complete residuals / 948 B. Native ABI, live callback fields and bounded resource domains explicit; peer review and aggregate CI required."
0x8001B744,func_8001B744,124,BT03,audio_parameter_8001B744,VERIFIED-BODY,verified_body,Astra / BT03-high-params,-g0 -O2 -mips2 -G 0 -non_shared,0,cloud/matches/boot_tail/func_8001B744.c,https://github.com/cabi24/SFRush2049-decomp/pull/69,Exact peer source/ABI PASS and source-head Verify 37168100105 success on a6b7e43c9474d7e918ea76acc4f40d06986de2a7. Source unchanged; proof in wave9/ci.json.
0x8001B7C0,func_8001B7C0,260,BT03,audio_larger_8001B7C0,VERIFIED-BODY,verified_body,Astra / BT03-high-larger,-g0 -O2 -mips2 -G 0 -non_shared,0,cloud/matches/boot_tail/func_8001B7C0.c,https://github.com/cabi24/SFRush2049-decomp/pull/70,Exact peer source/ABI PASS and source-head Verify37169207523 success on b935b5c4f79b92f489636e6cc26c68cc81061c73. Source unchanged; proof in wave10/ci.json; independent function-symbol extent audit also passes.
0x8001B8C4,func_8001B8C4,164,BT03,audio_runtime_8001B8C4,VERIFIED-BODY,verified_body,Astra / BT03-high-runtime,-g0 -O2 -mips2 -G 0 -non_shared,0,cloud/matches/boot_tail/func_8001B8C4.c,https://github.com/cabi24/SFRush2049-decomp/pull/69,Exact peer source/ABI PASS and source-head Verify 37168100105 success on a6b7e43c9474d7e918ea76acc4f40d06986de2a7. Source unchanged; proof in wave9/ci.json.
0x8001B968,func_8001B968,144,BT03,audio_routing_8001B968,VERIFIED-BODY,verified_body,Astra / BT03-high-routing,-g0 -O2 -mips2 -G 0 -non_shared,0,cloud/matches/boot_tail/func_8001B968.c,https://github.com/cabi24/SFRush2049-decomp/pull/69,Exact peer source/ABI PASS and source-head Verify 37168100105 success on a6b7e43c9474d7e918ea76acc4f40d06986de2a7. Source unchanged; proof in wave9/ci.json.
0x8001B9F8,func_8001B9F8,960,BT03,audio_command_prepare_8001B9F8,HYPOTHESIS,open,,,,,,C09; role/ABI unproved; metadata scan leads only; unclaimed matching target.
0x8001BDB8,func_8001BDB8,92,BT03,audio_command_prepare_8001BDB8,COMPLETE-NONMATCH,nonmatch,Astra / BT03-high-medium,-g0 -O2 -mips2 -G 0 -non_shared,15,cloud/work/boot_tail/BT03-high-medium/nonmatch/func_8001BDB8.c,https://github.com/cabi24/SFRush2049-decomp/pull/63,"BT03-high-medium; complete bounded NONMATCH, no credit. COMPLETE-NONMATCH; natural-source coalescing/structure residual. See BT03-high-medium README and controls."
0x8001BE14,func_8001BE14,904,BT03,audio_command_prepare_8001BE14,HYPOTHESIS,open,,,,,,C09; role/ABI unproved; metadata scan leads only; unclaimed matching target.
0x8001C19C,func_8001C19C,60,BT03,audio_command_prepare_8001C19C,COMPLETE-NONMATCH,nonmatch,Astra / BT03-high,-g0 -O2 -mips2 -G 0 -non_shared,11,cloud/work/boot_tail/BT03-high/nonmatch/func_8001C19C.c,,"BT03-high; COMPLETE-NONMATCH, no credit. COMPLETE-NONMATCH; bounded source refinements stopped. See BT03-high/README.md and verification.json for controls and next hypothesis."
0x8001C1D8,func_8001C1D8,432,BT03,audio_runtime_lists_8001C1D8,VERIFIED-BODY,verified_body,Astra / BT03-store-rotation-retry,-g0 -O2 -mips2 -G 0 -non_shared,0,cloud/matches/boot_tail/func_8001C1D8.c,https://github.com/cabi24/SFRush2049-decomp/pull/76,"Exact peer source/ABI, whole relocated body and independent ELF-size proof; PR76 exact-head CI success at14a7a4ef/tree97421da0. Real layout/runtime domains remain explicit; zero new unique attempt for this reclassification."
0x8001C390,func_8001C390,60,BT03,audio_sequence_state_8001C390,COMPLETE-NONMATCH,nonmatch,Astra / BT03-high,-g0 -O2 -mips2 -G 0 -non_shared,12,cloud/work/boot_tail/BT03-high/nonmatch/func_8001C390.c,,"BT03-high; COMPLETE-NONMATCH, no credit. COMPLETE-NONMATCH; bounded source refinements stopped. See BT03-high/README.md and verification.json for controls and next hypothesis."
0x8001C3CC,func_8001C3CC,316,BT03,audio_chains_8001C3CC,VERIFIED-BODY,verified_body,Astra / BT03-high-chains,-g0 -O2 -mips2 -G 0 -non_shared,0,cloud/matches/boot_tail/func_8001C3CC.c,https://github.com/cabi24/SFRush2049-decomp/pull/71,Exact peer source/ABI and ELF extent PASS; source-head Verify37170706015 success on 9f08a8c4658289f7433e6b2b4dd92e28a602ac64. Source unchanged; proof in wave11/ci.json.
0x8001C508,func_8001C508,120,BT03,audio_initialization_8001C508,VERIFIED-BODY,verified_body,Astra / BT03-high-init,-g0 -O2 -mips2 -G 0 -non_shared,0,cloud/matches/boot_tail/func_8001C508.c,https://github.com/cabi24/SFRush2049-decomp/pull/68,Exact peer source/ABI PASS and source-head Verify 37164693092 success on c196e2126217abb91380b240c68e7ea9c52fd941. Source unchanged; proof in wave8/ci.json.
0x8001C580,func_8001C580,496,BT03,audio_runtime_followon_8001C580,COMPLETE-NONMATCH,nonmatch,Astra / BT03-high-runtime-followon,-g0 -O2 -mips2 -G 0 -non_shared,33,cloud/work/boot_tail/BT03-high-runtime-followon/nonmatch/func_8001C580.c,,BT03-high-runtime-followon; exact peer source/ABI PASS. Complete bounded nonmatch; zero match credit. Two strict bodies / 940 B with exact ELF extents; four complete residuals / 1828 B. Actual ABI and bounded pointer/FP/stream domains explicit; peer review and aggregate CI required.
0x8001C770,func_8001C770,12,BT03,audio_sequence_state_8001C770,VERIFIED-BODY,verified_body,Astra / BT03-high,-g0 -O2 -mips2 -G 0 -non_shared,0,cloud/matches/boot_tail/func_8001C770.c,https://github.com/cabi24/SFRush2049-decomp/pull/61,"BT03-high; independently reviewed source/ABI, strict full relocated MATCH and exact-source-head CI PASS at 3574dbec (run 37152316686). Source hash and provenance: wave1/reviewed_sources.json; receipt wave1/ci.json. Verified body only, no cartridge or maintainer acceptance."
0x8001C77C,func_8001C77C,120,BT03,audio_sequence_state_8001C77C,COMPLETE-NONMATCH,nonmatch,Astra / BT03-high-service,-g0 -O2 -mips2 -G 0 -non_shared,19,cloud/work/boot_tail/BT03-high-service/nonmatch/func_8001C77C.c,,"BT03-high-service; complete-nonmatch; paired review complete, fourth-cut CI pending. COMPLETE-NONMATCH; authentic five-input scaling body, extra argument copies remain after three bounded controls."
0x8001C7F4,func_8001C7F4,108,BT03,audio_sequence_state_8001C7F4,VERIFIED-BODY,verified_body,Astra / BT03-high-service,-g0 -O2 -mips2 -G 0 -non_shared,0,cloud/matches/boot_tail/func_8001C7F4.c,https://github.com/cabi24/SFRush2049-decomp/pull/64,Paired source/ABI review and exact source-head Verify 37156783599 PASS on cbd048e6d03710fe828c8844de4d9d010da19ae0. Source unchanged; proof in wave4/ci.json.
0x8001C860,func_8001C860,1084,BT03,audio_sequence_state_8001C860,HYPOTHESIS,open,,,,,,C10; role/ABI unproved; metadata scan leads only; unclaimed matching target.
0x8001CC9C,func_8001CC9C,36,BT03,audio_sequence_state_8001CC9C,COMPLETE-NONMATCH,nonmatch,Astra / BT03-high,-g0 -O2 -mips2 -G 0 -non_shared,6,cloud/work/boot_tail/BT03-high/nonmatch/func_8001CC9C.c,,"BT03-high; COMPLETE-NONMATCH, no credit. COMPLETE-NONMATCH; bounded source refinements stopped. See BT03-high/README.md and verification.json for controls and next hypothesis."
0x8001CCC0,func_8001CCC0,28,BT03,audio_sequence_state_8001CCC0,VERIFIED-BODY,verified_body,Astra / BT03-high,-g0 -O2 -mips2 -G 0 -non_shared,0,cloud/matches/boot_tail/func_8001CCC0.c,https://github.com/cabi24/SFRush2049-decomp/pull/61,"BT03-high; independently reviewed source/ABI, strict full relocated MATCH and exact-source-head CI PASS at 3574dbec (run 37152316686). Source hash and provenance: wave1/reviewed_sources.json; receipt wave1/ci.json. Verified body only, no cartridge or maintainer acceptance."
0x8001CCDC,func_8001CCDC,936,BT03,SetFXParameters,COMPLETE-NONMATCH,nonmatch,Astra / BT03-chain-dispatch,-g0 -O2 -mips2 -G 0 -non_shared,181,cloud/work/boot_tail/BT03-chain-dispatch/func_8001CCDC_NONMATCH.c,,BT03-chain-dispatch; exact peer source/ABI PASS. Complete bounded nonmatch; zero match credit. Complete source-led reconstruction; genuine six-input ABI including unused yPan. Exact native936B versus ELF952B; four inserted narrowing moves and phase shift. O1 control and nine bounded variants; host/native semantic tests pass. Zero matched credit; independent review PASS on75df2d98; central integration pending.
0x8001D084,func_8001D084,108,BT03,audio_sequence_state_8001D084,VERIFIED-BODY,verified_body,Astra / BT03-high-helpers,-g0 -O2 -mips2 -G 0 -non_shared,0,cloud/matches/boot_tail/func_8001D084.c,https://github.com/cabi24/SFRush2049-decomp/pull/67,Exact peer source/ABI PASS and source-head Verify 37160610106 success on 3dd49752e74dda49a581db52efe291782b80521b. Source unchanged; proof in wave7/ci.json.
0x8001D0F0,func_8001D0F0,208,BT03,audio_medium_tail_8001D0F0,COMPLETE-NONMATCH,nonmatch,Astra / BT03-high-medium-tail,-g0 -O2 -mips2 -G 0 -non_shared,17,cloud/work/boot_tail/BT03-high-medium-tail/nonmatch/func_8001D0F0.c,,BT03-high-medium-tail; exact peer source/ABI PASS. Complete bounded nonmatch; zero match credit. Four strict O2 matches / 928 B and two complete bounded residuals / 436 B. Actual ABI and valid list/record domains documented; independent review and aggregate CI required.
0x8001D1C0,func_8001D1C0,52,BT03,audio_sequence_state_8001D1C0,COMPLETE-NONMATCH,nonmatch,Astra / BT03-high-next,-g0 -O2 -mips2 -G 0 -non_shared,3,cloud/work/boot_tail/BT03-high-next/nonmatch/func_8001D1C0.c,https://github.com/cabi24/SFRush2049-decomp/pull/62,"BT03-high-next; complete NONMATCH, no credit. COMPLETE-NONMATCH; bounded allocation plateau, see BT03-high-next README and fresh receipt."
0x8001D1F4,func_8001D1F4,508,BT03,audio_sequence_state_8001D1F4,COMPLETE-NONMATCH,nonmatch,Astra / BT03-high-spatial-control,-g0 -O2 -mips2 -G 0 -non_shared,46,cloud/work/boot_tail/BT03-high-spatial-control/nonmatch/func_8001D1F4.c,,BT03-high-spatial-control; exact peer source/ABI PASS. Complete bounded nonmatch; zero matching credit.
0x8001D3F0,func_8001D3F0,112,BT03,audio_sequence_state_8001D3F0,VERIFIED-BODY,verified_body,Astra / BT03-high-helpers,-g0 -O2 -mips2 -G 0 -non_shared,0,cloud/matches/boot_tail/func_8001D3F0.c,https://github.com/cabi24/SFRush2049-decomp/pull/67,Exact peer source/ABI PASS and source-head Verify 37160610106 success on 3dd49752e74dda49a581db52efe291782b80521b. Source unchanged; proof in wave7/ci.json.
0x8001D460,func_8001D460,108,BT03,audio_sequence_state_8001D460,VERIFIED-BODY,verified_body,Astra / BT03-high-helpers,-g0 -O2 -mips2 -G 0 -non_shared,0,cloud/matches/boot_tail/func_8001D460.c,https://github.com/cabi24/SFRush2049-decomp/pull/67,Exact peer source/ABI PASS and source-head Verify 37160610106 success on 3dd49752e74dda49a581db52efe291782b80521b. Source unchanged; proof in wave7/ci.json.
0x8001D4CC,func_8001D4CC,76,BT03,audio_sequence_state_8001D4CC,VERIFIED-BODY,verified_body,Astra / BT03-high-state,-g0 -O2 -mips2 -G 0 -non_shared,0,cloud/matches/boot_tail/func_8001D4CC.c,https://github.com/cabi24/SFRush2049-decomp/pull/65,Exact peer source/ABI PASS and source-head Verify 37158886171 success on 57cbafc3bb0672a2632cfc0a40794f4da488275d. Unchanged source; proof in wave5/ci.json.
0x8001D518,func_8001D518,96,BT03,audio_sequence_state_8001D518,VERIFIED-BODY,verified_body,Astra / BT03-high-state,-g0 -O2 -mips2 -G 0 -non_shared,0,cloud/matches/boot_tail/func_8001D518.c,https://github.com/cabi24/SFRush2049-decomp/pull/65,Exact peer source/ABI PASS and source-head Verify 37158886171 success on 57cbafc3bb0672a2632cfc0a40794f4da488275d. Unchanged source; proof in wave5/ci.json.
0x8001D578,func_8001D578,72,BT03,audio_sequence_state_8001D578,VERIFIED-BODY,verified_body,Astra / BT03-high-helpers,-g0 -O2 -mips2 -G 0 -non_shared,0,cloud/matches/boot_tail/func_8001D578.c,https://github.com/cabi24/SFRush2049-decomp/pull/67,Exact peer source/ABI PASS and source-head Verify 37160610106 success on 3dd49752e74dda49a581db52efe291782b80521b. Source unchanged; proof in wave7/ci.json.
0x8001D5C0,func_8001D5C0,160,BT03,audio_runtime_8001D5C0,VERIFIED-BODY,verified_body,Astra / BT03-high-runtime,-g0 -O2 -mips2 -G 0 -non_shared,0,cloud/matches/boot_tail/func_8001D5C0.c,https://github.com/cabi24/SFRush2049-decomp/pull/69,Exact peer source/ABI PASS and source-head Verify 37168100105 success on a6b7e43c9474d7e918ea76acc4f40d06986de2a7. Source unchanged; proof in wave9/ci.json.
0x8001D660,func_8001D660,260,BT03,audio_larger_8001D660,COMPLETE-NONMATCH,nonmatch,Astra / BT03-high-larger,-g0 -O2 -mips2 -G 0 -non_shared,23,cloud/work/boot_tail/BT03-high-larger/nonmatch/func_8001D660.c,,BT03-high-larger; exact peer source/ABI PASS. Complete bounded nonmatch; zero match credit. Three strict O2 matches / 780 B and three complete bounded residuals / 788 B. Actual ABI and valid registered-chain/list domains explicit; independent review and aggregate CI required.
0x8001D764,func_8001D764,332,BT03,audio_runtime_followon_8001D764,COMPLETE-NONMATCH,nonmatch,Astra / BT03-high-runtime-followon,-g0 -O2 -mips2 -G 0 -non_shared,21,cloud/work/boot_tail/BT03-high-runtime-followon/nonmatch/func_8001D764.c,,BT03-high-runtime-followon; exact peer source/ABI PASS. Complete bounded nonmatch; zero match credit. Two strict bodies / 940 B with exact ELF extents; four complete residuals / 1828 B. Actual ABI and bounded pointer/FP/stream domains explicit; peer review and aggregate CI required.
0x8001D8B0,func_8001D8B0,120,BT03,audio_sequence_state_8001D8B0,VERIFIED-BODY,verified_body,Astra / BT03-high-state,-g0 -O2 -mips2 -G 0 -non_shared,0,cloud/matches/boot_tail/func_8001D8B0.c,https://github.com/cabi24/SFRush2049-decomp/pull/65,Exact peer source/ABI PASS and source-head Verify 37158886171 success on 57cbafc3bb0672a2632cfc0a40794f4da488275d. Unchanged source; proof in wave5/ci.json.
0x8001D928,func_8001D928,28,BT03,audio_sequence_state_8001D928,VERIFIED-BODY,verified_body,Astra / BT03-high-next,-g0 -O2 -mips2 -G 0 -non_shared,0,cloud/matches/boot_tail/func_8001D928.c,https://github.com/cabi24/SFRush2049-decomp/pull/62,"BT03-high-next; independently reviewed strict full relocated MATCH and exact-head CI PASS on09ac2a28/run37154187199. Hash-bound source in wave2/reviewed_sources.json; receipt wave2/ci.json. Body proof only, no cartridge or maintainer acceptance."
0x8001D944,func_8001D944,304,BT03,audio_runtime_lists_8001D944,COMPLETE-NONMATCH,nonmatch,Astra / BT03-high-runtime-lists,-g0 -O2 -mips2 -G 0 -non_shared,53,cloud/work/boot_tail/BT03-high-runtime-lists/nonmatch/func_8001D944.c,,"BT03-high-runtime-lists; exact peer source/ABI PASS. Complete bounded nonmatch; zero match credit. One strict O2 body / 300 B and five complete bounded residuals / 1952 B. Genuine native float/pointer ABI, capacity and ordinary FP-state domains explicit; independent review and aggregate CI required."
0x8001DA74,func_8001DA74,404,BT03,audio_runtime_lists_8001DA74,COMPLETE-NONMATCH,nonmatch,Astra / BT03-high-runtime-lists,-g0 -O2 -mips2 -G 0 -non_shared,58,cloud/work/boot_tail/BT03-high-runtime-lists/nonmatch/func_8001DA74.c,,"BT03-high-runtime-lists; exact peer source/ABI PASS. Complete bounded nonmatch; zero match credit. One strict O2 body / 300 B and five complete bounded residuals / 1952 B. Genuine native float/pointer ABI, capacity and ordinary FP-state domains explicit; independent review and aggregate CI required."
0x8001DC08,func_8001DC08,472,BT03,audio_sequence_state_8001DC08,COMPLETE-NONMATCH,nonmatch,Astra / BT03-high-spatial-control,-g0 -O2 -mips2 -G 0 -non_shared,3,cloud/work/boot_tail/BT03-high-spatial-control/nonmatch/func_8001DC08.c,,BT03-high-spatial-control; exact peer source/ABI PASS. Complete bounded nonmatch; zero matching credit.
0x8001DDE0,func_8001DDE0,736,BT03,audio_sequence_state_8001DDE0,VERIFIED-BODY,verified_body,Astra / BT03-emitter-handle,-g0 -O2 -mips2 -G 0 -non_shared,0,cloud/matches/boot_tail/func_8001DDE0.c,https://github.com/cabi24/SFRush2049-decomp/pull/74,BT03-emitter-handle; exact peer source/ABI and full body/ELF proof; PR74 exact-head CI success at496a72b0/treeb116b828. Genuine uninitialized float locals are retained. Defined-path domain requires each consumed output to have been written by the real helper or retained from a prior real iteration. The original producer/listener invariant and external fade value remain unproved; final DC08 is an opaque unit-test boundary. Exact code equality does not establish universal runtime safety.
0x8001E0C0,func_8001E0C0,20,BT03,audio_sequence_state_8001E0C0,VERIFIED-BODY,verified_body,Astra / BT03-high-next,-g0 -O2 -mips2 -G 0 -non_shared,0,cloud/matches/boot_tail/func_8001E0C0.c,https://github.com/cabi24/SFRush2049-decomp/pull/62,"BT03-high-next; independently reviewed strict full relocated MATCH and exact-head CI PASS on09ac2a28/run37154187199. Hash-bound source in wave2/reviewed_sources.json; receipt wave2/ci.json. Body proof only, no cartridge or maintainer acceptance."
0x8001E0E0,func_8001E0E0,864,BT03,numeric_memory_utility_8001E0E0,COMPLETE-NONMATCH,nonmatch,Astra / C11-mix-output,-g0 -O2 -mips2 -G 0 -non_shared,207,cloud/work/boot_tail/C11-mix-output/func_8001E0E0_NONMATCH.c,,"C11-mix-output; exact peer source/ABI PASS. Complete bounded nonmatch; zero match credit. Complete eight-input, four-output floating mixer with real external-data addresses and unknown contents. Four natural forms; retained O2 207/216 plus3 excess, clean full relocations, native/candidate16-byte frame. Synthetic native/reference/host and relocated-control semantics pass; zero matching credit."
0x8001E440,func_8001E440,204,BT03,numeric_memory_utility_8001E440,COMPLETE-NONMATCH,nonmatch,Astra / C11-numeric,-g0 -O2 -mips2 -G 0 -non_shared,23,cloud/work/boot_tail/C11-numeric/func_8001E440_NONMATCH.c,,C11-numeric; exact peer source/ABI PASS. Complete bounded nonmatch; zero match credit. Complete scalar multiply/conversion using real external address; scalar contents unknown. Known narrow-formal home/allocation plateau; one form then stop.
0x8001E50C,func_8001E50C,380,BT03,numeric_memory_utility_8001E50C,COMPLETE-NONMATCH,nonmatch,Astra / C11-rate-convert,-g0 -O2 -mips2 -G 0 -non_shared,94,cloud/work/boot_tail/C11-rate-convert/func_8001E50C_NONMATCH.c,,"C11-rate-convert; exact peer source/ABI PASS. Complete bounded nonmatch; zero match credit. Sole authorized whole natural byte/word rate converter. O2 94/95+1 and O1 88/95+2; full external-address proof, no unknown contents or array extents inferred. Expected narrow home/allocation plateau, no refinements. Bounded finite FP/native/host checks pass; zero matching credit."
0x8001E688,func_8001E688,172,BT03,numeric_memory_utility_8001E688,VERIFIED-BODY,verified_body,Astra / C11-numeric,-g0 -O2 -mips2 -G 0 -non_shared,0,cloud/matches/boot_tail/func_8001E688.c,https://github.com/cabi24/SFRush2049-decomp/pull/71,Exact peer source/ABI and ELF extent PASS; source-head Verify37170706015 success on 9f08a8c4658289f7433e6b2b4dd92e28a602ac64. Source unchanged; proof in wave11/ci.json.
0x8001E740,func_8001E740,40,BT03,allocation callback with mode zero,VERIFIED-BODY,verified_body,Astra / C11-small,-g0 -O2 -mips2 -G 0 -non_shared,0,cloud/matches/boot_tail/func_8001E740.c,https://github.com/cabi24/SFRush2049-decomp/pull/61,"C11-small; independently reviewed source/ABI, strict full relocated MATCH and exact-source-head CI PASS at 3574dbec (run 37152316686). Source hash and provenance: wave1/reviewed_sources.json; receipt wave1/ci.json. Verified body only, no cartridge or maintainer acceptance."
0x8001E768,func_8001E768,40,BT03,release callback wrapper,VERIFIED-BODY,verified_body,Astra / C11-small,-g0 -O2 -mips2 -G 0 -non_shared,0,cloud/matches/boot_tail/func_8001E768.c,https://github.com/cabi24/SFRush2049-decomp/pull/61,"C11-small; independently reviewed source/ABI, strict full relocated MATCH and exact-source-head CI PASS at 3574dbec (run 37152316686). Source hash and provenance: wave1/reviewed_sources.json; receipt wave1/ci.json. Verified body only, no cartridge or maintainer acceptance."
0x8001E790,func_8001E790,44,BT03,MusyX sndRand source lead,COMPLETE-NONMATCH,nonmatch,Astra / C11-small,-g0 -O2 -mips2 -G 0 -non_shared,2,cloud/work/boot_tail/C11-small/func_8001E790_NONMATCH.c,,"C11; grounded MusyX sndRand lead reconstructed, but 2/11 words differ at return shift/mask allocation; no extras/unresolved/unverified. Eleven directed natural controls froze without movement. See C11-small/README.md and scores.json; zero byte credit."
0x8001E7BC,func_8001E7BC,168,BT03,numeric_memory_utility_8001E7BC,COMPLETE-NONMATCH,nonmatch,Astra / C11-numeric,-g0 -O2 -mips2 -G 0 -non_shared,41,cloud/work/boot_tail/C11-numeric/func_8001E7BC_NONMATCH.c,,C11-numeric; exact peer source/ABI PASS. Complete bounded nonmatch; zero match credit. Complete phase/quadrant lookup using real external table address and reflected addend; contents unknown. One natural form; no narrow-formal sweep.
0x8001E864,func_8001E864,204,BT03,numeric_memory_utility_8001E864,COMPLETE-NONMATCH,nonmatch,Astra / C11-numeric,-g0 -O2 -mips2 -G 0 -non_shared,34,cloud/work/boot_tail/C11-numeric/func_8001E864_NONMATCH.c,,"C11-numeric; exact peer source/ABI PASS. Complete bounded nonmatch; zero match credit. Complete genuine five-input callback search. Three directed natural forms, midpoint allocation plateau; retained original is best."
0x8001E930,func_8001E930,16,BT03,MusyX sndConvertMs source-family lead,VERIFIED-BODY,verified_body,Astra / C11-small,-g0 -O2 -mips2 -G 0 -non_shared,0,cloud/matches/boot_tail/func_8001E930.c,https://github.com/cabi24/SFRush2049-decomp/pull/61,"C11-small; independently reviewed source/ABI, strict full relocated MATCH and exact-source-head CI PASS at 3574dbec (run 37152316686). Source hash and provenance: wave1/reviewed_sources.json; receipt wave1/ci.json. Verified body only, no cartridge or maintainer acceptance."
0x8001E940,func_8001E940,96,BT03,numeric_memory_utility_8001E940,VERIFIED-BODY,verified_body,Astra / C11-numeric,-g0 -O2 -mips2 -G 0 -non_shared,0,cloud/matches/boot_tail/func_8001E940.c,https://github.com/cabi24/SFRush2049-decomp/pull/71,Exact peer source/ABI and ELF extent PASS; source-head Verify37170706015 success on 9f08a8c4658289f7433e6b2b4dd92e28a602ac64. Source unchanged; proof in wave11/ci.json.
0x8001E9A0,func_8001E9A0,8,BT03,MusyX sndConvert2Ms source-family lead,VERIFIED-BODY,verified_body,Astra / C11-small,-g0 -O2 -mips2 -G 0 -non_shared,0,cloud/matches/boot_tail/func_8001E9A0.c,https://github.com/cabi24/SFRush2049-decomp/pull/61,"C11-small; independently reviewed source/ABI, strict full relocated MATCH and exact-source-head CI PASS at 3574dbec (run 37152316686). Source hash and provenance: wave1/reviewed_sources.json; receipt wave1/ci.json. Verified body only, no cartridge or maintainer acceptance."
0x8001E9B0,func_8001E9B0,240,BT03,audio_medium_tail_8001E9B0,VERIFIED-BODY,verified_body,Astra / BT03-high-medium-tail,-g0 -O2 -mips2 -G 0 -non_shared,0,cloud/matches/boot_tail/func_8001E9B0.c,https://github.com/cabi24/SFRush2049-decomp/pull/70,Exact peer source/ABI PASS and source-head Verify37169207523 success on b935b5c4f79b92f489636e6cc26c68cc81061c73. Source unchanged; proof in wave10/ci.json; independent function-symbol extent audit also passes.
0x8001EAA0,func_8001EAA0,76,BT03,audio_sequence_api_8001EAA0,VERIFIED-BODY,verified_body,Astra / BT03-high-medium,-g0 -O2 -mips2 -G 0 -non_shared,0,cloud/matches/boot_tail/func_8001EAA0.c,https://github.com/cabi24/SFRush2049-decomp/pull/63,BT03-high-medium; peer-reviewed full relocated MATCH and exact-head CI PASS at aeba70fc / run 37155038665. Source and CI provenance: wave3/reviewed_sources.json and wave3/ci.json. No cartridge or maintainer acceptance.
0x8001EAEC,func_8001EAEC,36,BT03,audio_sequence_api_8001EAEC,VERIFIED-BODY,verified_body,Astra / BT03-high-next,-g0 -O2 -mips2 -G 0 -non_shared,0,cloud/matches/boot_tail/func_8001EAEC.c,https://github.com/cabi24/SFRush2049-decomp/pull/62,"BT03-high-next; independently reviewed strict full relocated MATCH and exact-head CI PASS on09ac2a28/run37154187199. Hash-bound source in wave2/reviewed_sources.json; receipt wave2/ci.json. Body proof only, no cartridge or maintainer acceptance."
0x8001EB10,func_8001EB10,464,BT03,audio_runtime_followon_8001EB10,VERIFIED-BODY,verified_body,Astra / BT03-high-runtime-followon,-g0 -O2 -mips2 -G 0 -non_shared,0,cloud/matches/boot_tail/func_8001EB10.c,https://github.com/cabi24/SFRush2049-decomp/pull/73,"BT03-high-runtime-followon; immutable peer source/ABI PASS, exact relocated body and ELF extent verified; PR73 exact-head CI success at f366682b / tree7aeba9eb. Domain limits remain in packet."
0x8001ECE0,func_8001ECE0,276,BT03,audio_chains_8001ECE0,HYPOTHESIS,claimed,Astra / BT03-voice-allocation-retry,-g0 -O2 -mips2 -G 0 -non_shared,0,cloud/matches/boot_tail/func_8001ECE0.c,,"Prior 8-word complete nonmatch reclassified by independent whole-source/ABI review and exact ELF/full relocation proof. One-pointer native ABI, finite valid lists and original no-retry counter-wrap behavior retained. Seventeenth-cut exact-head CI pending; zero new unique attempts."
0x8001EDF4,func_8001EDF4,64,BT03,audio_sequence_api_8001EDF4,VERIFIED-BODY,verified_body,Astra / BT03-high-medium,-g0 -O2 -mips2 -G 0 -non_shared,0,cloud/matches/boot_tail/func_8001EDF4.c,https://github.com/cabi24/SFRush2049-decomp/pull/63,BT03-high-medium; peer-reviewed full relocated MATCH and exact-head CI PASS at aeba70fc / run 37155038665. Source and CI provenance: wave3/reviewed_sources.json and wave3/ci.json. No cartridge or maintainer acceptance.
0x8001EE34,func_8001EE34,104,BT03,audio_initialization_8001EE34,VERIFIED-BODY,verified_body,Astra / BT03-high-init,-g0 -O2 -mips2 -G 0 -non_shared,0,cloud/matches/boot_tail/func_8001EE34.c,https://github.com/cabi24/SFRush2049-decomp/pull/68,Exact peer source/ABI PASS and source-head Verify 37164693092 success on c196e2126217abb91380b240c68e7ea9c52fd941. Source unchanged; proof in wave8/ci.json.
0x8001EE9C,func_8001EE9C,240,BT03,audio_medium_tail_8001EE9C,VERIFIED-BODY,verified_body,Astra / BT03-high-medium-tail,-g0 -O2 -mips2 -G 0 -non_shared,0,cloud/matches/boot_tail/func_8001EE9C.c,https://github.com/cabi24/SFRush2049-decomp/pull/70,Exact peer source/ABI PASS and source-head Verify37169207523 success on b935b5c4f79b92f489636e6cc26c68cc81061c73. Source unchanged; proof in wave10/ci.json; independent function-symbol extent audit also passes.
0x8001EF8C,func_8001EF8C,432,BT03,audio_runtime_lists_8001EF8C,COMPLETE-NONMATCH,nonmatch,Astra / BT03-high-runtime-lists,-g0 -O2 -mips2 -G 0 -non_shared,88,cloud/work/boot_tail/BT03-high-runtime-lists/nonmatch/func_8001EF8C.c,,"BT03-high-runtime-lists; exact peer source/ABI PASS. Complete bounded nonmatch; zero match credit. One strict O2 body / 300 B and five complete bounded residuals / 1952 B. Genuine native float/pointer ABI, capacity and ordinary FP-state domains explicit; independent review and aggregate CI required."
0x8001F13C,func_8001F13C,1456,BT03,audio_sequence_api_8001F13C,HYPOTHESIS,open,,,,,,C12; role/ABI unproved; metadata scan leads only; unclaimed matching target.
0x8001F6EC,func_8001F6EC,256,BT03,audio_larger_8001F6EC,COMPLETE-NONMATCH,nonmatch,Astra / BT03-high-larger,-g0 -O2 -mips2 -G 0 -non_shared,30,cloud/work/boot_tail/BT03-high-larger/nonmatch/func_8001F6EC.c,,BT03-high-larger; exact peer source/ABI PASS. Complete bounded nonmatch; zero match credit. Three strict O2 matches / 780 B and three complete bounded residuals / 788 B. Actual ABI and valid registered-chain/list domains explicit; independent review and aggregate CI required.
0x8001F7EC,func_8001F7EC,120,BT03,audio_initialization_8001F7EC,VERIFIED-BODY,verified_body,Astra / BT03-high-init,-g0 -O2 -mips2 -G 0 -non_shared,0,cloud/matches/boot_tail/func_8001F7EC.c,https://github.com/cabi24/SFRush2049-decomp/pull/68,Exact peer source/ABI PASS and source-head Verify 37164693092 success on c196e2126217abb91380b240c68e7ea9c52fd941. Source unchanged; proof in wave8/ci.json.
0x8001F864,func_8001F864,52,BT03,audio_sequence_api_8001F864,VERIFIED-BODY,verified_body,Astra / BT03-high-next,-g0 -O2 -mips2 -G 0 -non_shared,0,cloud/matches/boot_tail/func_8001F864.c,https://github.com/cabi24/SFRush2049-decomp/pull/62,"BT03-high-next; independently reviewed strict full relocated MATCH and exact-head CI PASS on09ac2a28/run37154187199. Hash-bound source in wave2/reviewed_sources.json; receipt wave2/ci.json. Body proof only, no cartridge or maintainer acceptance."
0x8001F898,func_8001F898,188,BT03,audio_transition_8001F898,VERIFIED-BODY,verified_body,Astra / BT03-high-transitions,-g0 -O2 -mips2 -G 0 -non_shared,0,cloud/matches/boot_tail/func_8001F898.c,https://github.com/cabi24/SFRush2049-decomp/pull/69,Exact peer source/ABI PASS and source-head Verify 37168100105 success on a6b7e43c9474d7e918ea76acc4f40d06986de2a7. Source unchanged; proof in wave9/ci.json.
0x8001F954,func_8001F954,124,BT03,audio_initialization_8001F954,COMPLETE-NONMATCH,nonmatch,Astra / BT03-high-init,-g0 -O2 -mips2 -G 0 -non_shared,2,cloud/work/boot_tail/BT03-high-init/nonmatch/func_8001F954.c,,"BT03-high-init; exact peer source/ABI PASS. Complete bounded nonmatch; zero match credit. Complete natural C89 with native valid configuration domain; four strict matches, two bounded residuals. Peer review and exact aggregate-head CI required."
0x8001F9D0,func_8001F9D0,72,BT03,audio_initialization_8001F9D0,VERIFIED-BODY,verified_body,Astra / BT03-high-init,-g0 -O2 -mips2 -G 0 -non_shared,0,cloud/matches/boot_tail/func_8001F9D0.c,https://github.com/cabi24/SFRush2049-decomp/pull/68,Exact peer source/ABI PASS and source-head Verify 37164693092 success on c196e2126217abb91380b240c68e7ea9c52fd941. Source unchanged; proof in wave8/ci.json.
0x8001FA18,func_8001FA18,204,BT03,audio_transition_8001FA18,VERIFIED-BODY,verified_body,Astra / BT03-high-transitions,-g0 -O2 -mips2 -G 0 -non_shared,0,cloud/matches/boot_tail/func_8001FA18.c,https://github.com/cabi24/SFRush2049-decomp/pull/69,Exact peer source/ABI PASS and source-head Verify 37168100105 success on a6b7e43c9474d7e918ea76acc4f40d06986de2a7. Source unchanged; proof in wave9/ci.json.
0x8001FAE4,func_8001FAE4,200,BT03,audio_transition_8001FAE4,VERIFIED-BODY,verified_body,Astra / BT03-high-transitions,-g0 -O2 -mips2 -G 0 -non_shared,0,cloud/matches/boot_tail/func_8001FAE4.c,https://github.com/cabi24/SFRush2049-decomp/pull/69,Exact peer source/ABI PASS and source-head Verify 37168100105 success on a6b7e43c9474d7e918ea76acc4f40d06986de2a7. Source unchanged; proof in wave9/ci.json.
0x8001FBB0,func_8001FBB0,380,BT03,audio_runtime_lists_8001FBB0,COMPLETE-NONMATCH,nonmatch,Astra / BT03-high-runtime-lists,-g0 -O2 -mips2 -G 0 -non_shared,66,cloud/work/boot_tail/BT03-high-runtime-lists/nonmatch/func_8001FBB0.c,,"BT03-high-runtime-lists; exact peer source/ABI PASS. Complete bounded nonmatch; zero match credit. One strict O2 body / 300 B and five complete bounded residuals / 1952 B. Genuine native float/pointer ABI, capacity and ordinary FP-state domains explicit; independent review and aggregate CI required."
0x8001FD2C,func_8001FD2C,300,BT03,audio_chains_8001FD2C,VERIFIED-BODY,verified_body,Astra / BT03-high-chains,-g0 -O2 -mips2 -G 0 -non_shared,0,cloud/matches/boot_tail/func_8001FD2C.c,https://github.com/cabi24/SFRush2049-decomp/pull/71,Exact peer source/ABI and ELF extent PASS; source-head Verify37170706015 success on 9f08a8c4658289f7433e6b2b4dd92e28a602ac64. Source unchanged; proof in wave11/ci.json.
0x8001FE58,func_8001FE58,76,BT03,audio_sequence_api_8001FE58,VERIFIED-BODY,verified_body,Astra / BT03-high-api,-g0 -O2 -mips2 -G 0 -non_shared,0,cloud/matches/boot_tail/func_8001FE58.c,https://github.com/cabi24/SFRush2049-decomp/pull/63,BT03-high-api; peer-reviewed full relocated MATCH and exact-head CI PASS at aeba70fc / run 37155038665. Source and CI provenance: wave3/reviewed_sources.json and wave3/ci.json. No cartridge or maintainer acceptance.
0x8001FEA4,func_8001FEA4,84,BT03,audio_sequence_api_8001FEA4,VERIFIED-BODY,verified_body,Astra / BT03-high-api,-g0 -O2 -mips2 -G 0 -non_shared,0,cloud/matches/boot_tail/func_8001FEA4.c,https://github.com/cabi24/SFRush2049-decomp/pull/63,BT03-high-api; peer-reviewed full relocated MATCH and exact-head CI PASS at aeba70fc / run 37155038665. Source and CI provenance: wave3/reviewed_sources.json and wave3/ci.json. No cartridge or maintainer acceptance.
0x8001FEF8,func_8001FEF8,84,BT03,audio_sequence_api_8001FEF8,VERIFIED-BODY,verified_body,Astra / BT03-high-api,-g0 -O2 -mips2 -G 0 -non_shared,0,cloud/matches/boot_tail/func_8001FEF8.c,https://github.com/cabi24/SFRush2049-decomp/pull/63,BT03-high-api; peer-reviewed full relocated MATCH and exact-head CI PASS at aeba70fc / run 37155038665. Source and CI provenance: wave3/reviewed_sources.json and wave3/ci.json. No cartridge or maintainer acceptance.
0x8001FF4C,func_8001FF4C,84,BT03,audio_sequence_api_8001FF4C,VERIFIED-BODY,verified_body,Astra / BT03-high-api,-g0 -O2 -mips2 -G 0 -non_shared,0,cloud/matches/boot_tail/func_8001FF4C.c,https://github.com/cabi24/SFRush2049-decomp/pull/63,BT03-high-api; peer-reviewed full relocated MATCH and exact-head CI PASS at aeba70fc / run 37155038665. Source and CI provenance: wave3/reviewed_sources.json and wave3/ci.json. No cartridge or maintainer acceptance.
0x8001FFA0,func_8001FFA0,84,BT03,audio_sequence_api_8001FFA0,VERIFIED-BODY,verified_body,Astra / BT03-high-api,-g0 -O2 -mips2 -G 0 -non_shared,0,cloud/matches/boot_tail/func_8001FFA0.c,https://github.com/cabi24/SFRush2049-decomp/pull/63,BT03-high-api; peer-reviewed full relocated MATCH and exact-head CI PASS at aeba70fc / run 37155038665. Source and CI provenance: wave3/reviewed_sources.json and wave3/ci.json. No cartridge or maintainer acceptance.
0x8001FFF4,func_8001FFF4,84,BT03,audio_sequence_api_8001FFF4,VERIFIED-BODY,verified_body,Astra / BT03-high-api,-g0 -O2 -mips2 -G 0 -non_shared,0,cloud/matches/boot_tail/func_8001FFF4.c,https://github.com/cabi24/SFRush2049-decomp/pull/63,BT03-high-api; peer-reviewed full relocated MATCH and exact-head CI PASS at aeba70fc / run 37155038665. Source and CI provenance: wave3/reviewed_sources.json and wave3/ci.json. No cartridge or maintainer acceptance.
0x80020048,func_80020048,300,BT03,audio_chains_80020048,VERIFIED-BODY,verified_body,Astra / BT03-high-chains,-g0 -O2 -mips2 -G 0 -non_shared,0,cloud/matches/boot_tail/func_80020048.c,https://github.com/cabi24/SFRush2049-decomp/pull/71,Exact peer source/ABI and ELF extent PASS; source-head Verify37170706015 success on 9f08a8c4658289f7433e6b2b4dd92e28a602ac64. Source unchanged; proof in wave11/ci.json.
0x80020174,func_80020174,92,BT03,audio_sequence_api_80020174,VERIFIED-BODY,verified_body,Astra / BT03-high-gates,-g0 -O2 -mips2 -G 0 -non_shared,0,cloud/matches/boot_tail/func_80020174.c,https://github.com/cabi24/SFRush2049-decomp/pull/63,BT03-high-gates; peer-reviewed full relocated MATCH and exact-head CI PASS at aeba70fc / run 37155038665. Source and CI provenance: wave3/reviewed_sources.json and wave3/ci.json. No cartridge or maintainer acceptance.
0x800201D0,func_800201D0,48,BT03,audio_sequence_api_800201D0,VERIFIED-BODY,verified_body,Astra / BT03-high-next,-g0 -O2 -mips2 -G 0 -non_shared,0,cloud/matches/boot_tail/func_800201D0.c,https://github.com/cabi24/SFRush2049-decomp/pull/62,"BT03-high-next; independently reviewed strict full relocated MATCH and exact-head CI PASS on09ac2a28/run37154187199. Hash-bound source in wave2/reviewed_sources.json; receipt wave2/ci.json. Body proof only, no cartridge or maintainer acceptance."
0x80020200,func_80020200,28,BT03,audio_sequence_api_80020200,COMPLETE-NONMATCH,nonmatch,Astra / BT03-high-next,-g0 -O2 -mips2 -G 0 -non_shared,3,cloud/work/boot_tail/BT03-high-next/nonmatch/func_80020200.c,https://github.com/cabi24/SFRush2049-decomp/pull/62,"BT03-high-next; complete NONMATCH, no credit. COMPLETE-NONMATCH; bounded allocation plateau, see BT03-high-next README and fresh receipt."
0x8002021C,func_8002021C,88,BT03,audio_parameter_8002021C,COMPLETE-NONMATCH,nonmatch,Astra / BT03-high-params,-g0 -O2 -mips2 -G 0 -non_shared,12,cloud/work/boot_tail/BT03-high-params/nonmatch/func_8002021C.c,,"BT03-high-params; exact peer source/ABI PASS. Complete bounded nonmatch; zero match credit. Four strict local matches, two complete bounded residuals. Native ABI/domain audited; peer review and exact aggregate-head CI required."
0x80020274,func_80020274,80,BT03,audio_sequence_api_80020274,VERIFIED-BODY,verified_body,Astra / BT03-high-state,-g0 -O2 -mips2 -G 0 -non_shared,0,cloud/matches/boot_tail/func_80020274.c,https://github.com/cabi24/SFRush2049-decomp/pull/65,Exact peer source/ABI PASS and source-head Verify 37158886171 success on 57cbafc3bb0672a2632cfc0a40794f4da488275d. Unchanged source; proof in wave5/ci.json.
0x800202C4,func_800202C4,172,BT03,audio_runtime_800202C4,COMPLETE-NONMATCH,nonmatch,Astra / BT03-high-runtime,-g0 -O2 -mips2 -G 0 -non_shared,26,cloud/work/boot_tail/BT03-high-runtime/nonmatch/func_800202C4.c,,BT03-high-runtime; exact peer source/ABI PASS. Complete bounded nonmatch; zero match credit. Four strict O2 bodies and two complete residuals; failed O1 relocation controls remain explicit. Actual native ABI/domain audited; peer review and exact aggregate-head CI required.
0x80020370,func_80020370,124,BT03,audio_sequence_api_80020370,VERIFIED-BODY,verified_body,Astra / BT03-high-state,-g0 -O2 -mips2 -G 0 -non_shared,0,cloud/matches/boot_tail/func_80020370.c,https://github.com/cabi24/SFRush2049-decomp/pull/65,Exact peer source/ABI PASS and source-head Verify 37158886171 success on 57cbafc3bb0672a2632cfc0a40794f4da488275d. Unchanged source; proof in wave5/ci.json.
0x800203EC,func_800203EC,80,BT03,audio_sequence_api_800203EC,VERIFIED-BODY,verified_body,Astra / BT03-high-gates,-g0 -O2 -mips2 -G 0 -non_shared,0,cloud/matches/boot_tail/func_800203EC.c,https://github.com/cabi24/SFRush2049-decomp/pull/63,BT03-high-gates; peer-reviewed full relocated MATCH and exact-head CI PASS at aeba70fc / run 37155038665. Source and CI provenance: wave3/reviewed_sources.json and wave3/ci.json. No cartridge or maintainer acceptance.
0x8002043C,func_8002043C,88,BT03,MusyX sndVolume source lead,VERIFIED-BODY,verified_body,Astra / BT03-high-gates,-g0 -O2 -mips2 -G 0 -non_shared,0,cloud/matches/boot_tail/func_8002043C.c,https://github.com/cabi24/SFRush2049-decomp/pull/63,BT03-high-gates; peer-reviewed full relocated MATCH and exact-head CI PASS at aeba70fc / run 37155038665. Source and CI provenance: wave3/reviewed_sources.json and wave3/ci.json. No cartridge or maintainer acceptance.
0x80020494,func_80020494,132,BT03,audio_routing_80020494,VERIFIED-BODY,verified_body,Astra / BT03-high-routing,-g0 -O2 -mips2 -G 0 -non_shared,0,cloud/matches/boot_tail/func_80020494.c,https://github.com/cabi24/SFRush2049-decomp/pull/69,Exact peer source/ABI PASS and source-head Verify 37168100105 success on a6b7e43c9474d7e918ea76acc4f40d06986de2a7. Source unchanged; proof in wave9/ci.json.
0x80020518,func_80020518,16,BT03,audio_sequence_api_80020518,VERIFIED-BODY,verified_body,Astra / BT03-high-next,-g0 -O2 -mips2 -G 0 -non_shared,0,cloud/matches/boot_tail/func_80020518.c,https://github.com/cabi24/SFRush2049-decomp/pull/62,"BT03-high-next; independently reviewed strict full relocated MATCH and exact-head CI PASS on09ac2a28/run37154187199. Hash-bound source in wave2/reviewed_sources.json; receipt wave2/ci.json. Body proof only, no cartridge or maintainer acceptance."
0x80020528,func_80020528,48,BT03,audio_sequence_api_80020528,VERIFIED-BODY,verified_body,Astra / BT03-high-next,-g0 -O2 -mips2 -G 0 -non_shared,0,cloud/matches/boot_tail/func_80020528.c,https://github.com/cabi24/SFRush2049-decomp/pull/62,"BT03-high-next; independently reviewed strict full relocated MATCH and exact-head CI PASS on09ac2a28/run37154187199. Hash-bound source in wave2/reviewed_sources.json; receipt wave2/ci.json. Body proof only, no cartridge or maintainer acceptance."
0x80020558,func_80020558,64,BT03,audio_sequence_api_80020558,VERIFIED-BODY,verified_body,Astra / BT03-high-state,-g0 -O2 -mips2 -G 0 -non_shared,0,cloud/matches/boot_tail/func_80020558.c,https://github.com/cabi24/SFRush2049-decomp/pull/65,Exact peer source/ABI PASS and source-head Verify 37158886171 success on 57cbafc3bb0672a2632cfc0a40794f4da488275d. Unchanged source; proof in wave5/ci.json.
0x80020598,func_80020598,76,BT03,audio_initialization_80020598,COMPLETE-NONMATCH,nonmatch,Astra / BT03-high-init,-g0 -O2 -mips2 -G 0 -non_shared,16,cloud/work/boot_tail/BT03-high-init/nonmatch/func_80020598.c,,"BT03-high-init; exact peer source/ABI PASS. Complete bounded nonmatch; zero match credit. Complete natural C89 with native valid configuration domain; four strict matches, two bounded residuals. Peer review and exact aggregate-head CI required."
0x80020610,func_80020610,156,BT04,audio_data_dispatch_80020610,COMPLETE-NONMATCH,nonmatch,Astra / C13-medium,-g0 -O2 -mips2 -G 0 -non_shared,39,cloud/work/boot_tail/C13-medium/nonmatch/func_80020610.c,https://github.com/cabi24/SFRush2049-decomp/pull/62,"C13-medium; complete NONMATCH, no credit. See C13-medium/README.md and scores.json. Independent source review and exact aggregate CI pending; no cartridge credit."
0x800206AC,func_800206AC,372,BT04,audio_data_dispatch_800206AC,COMPLETE-NONMATCH,nonmatch,Astra / C13-controller-remainder,-g0 -O2 -mips2 -G 0 -non_shared,91,cloud/work/boot_tail/C13-controller-remainder/nonmatch/func_800206AC.c,,C13-controller-remainder; exact peer source/ABI PASS. Complete bounded nonmatch; zero match credit. Complete native reconstruction and bounded controls; C13-controller-remainder/README.md and scores.json. Zero matching credit; independent peer review PASS at d25da8a1; aggregate publication pending.
0x80020820,func_80020820,484,BT04,audio_data_dispatch_80020820,VERIFIED-BODY,verified_body,Astra / C13-byte-clear-retry,-g0 -O2 -mips2 -G 0 -non_shared,0,cloud/matches/boot_tail/func_80020820.c,https://github.com/cabi24/SFRush2049-decomp/pull/76,"Exact peer source/ABI, whole relocated body and independent ELF-size proof; PR76 exact-head CI success at14a7a4ef/tree97421da0. Real layout/runtime domains remain explicit; zero new unique attempt for this reclassification."
0x80020A04,func_80020A04,932,BT04,audio_data_dispatch_80020A04,COMPLETE-NONMATCH,nonmatch,Astra / C13-controller-remainder,-g0 -O2 -mips2 -G 0 -non_shared,233,cloud/work/boot_tail/C13-controller-remainder/nonmatch/func_80020A04.c,,C13-controller-remainder; exact peer source/ABI PASS. Complete bounded nonmatch; zero match credit. Complete native reconstruction and bounded controls; C13-controller-remainder/README.md and scores.json. Zero matching credit; independent peer review PASS at d25da8a1; aggregate publication pending.
0x80020DA8,func_80020DA8,420,BT04,audio_data_dispatch_80020DA8,COMPLETE-NONMATCH,nonmatch,Astra / C13-controller-pair,-g0 -O2 -mips2 -G 0 -non_shared,100,cloud/work/boot_tail/C13-controller-pair/nonmatch/func_80020DA8.c,,C13-controller-pair; exact peer source/ABI PASS. Complete bounded nonmatch; zero match credit. COMPLETE-NONMATCH; genuine controller and registered-row contracts; bounded natural forms; exact ELF extent recorded; zero matching credit.
0x80020F4C,func_80020F4C,76,BT04,audio_data_dispatch_80020F4C,COMPLETE-NONMATCH,nonmatch,Astra / C13-medium,-g0 -O2 -mips2 -G 0 -non_shared,18,cloud/work/boot_tail/C13-medium/nonmatch/func_80020F4C.c,https://github.com/cabi24/SFRush2049-decomp/pull/62,"C13-medium; complete NONMATCH, no credit. See C13-medium/README.md and scores.json. Independent source review and exact aggregate CI pending; no cartridge credit."
0x80020F98,func_80020F98,68,BT04,audio_data_dispatch_80020F98,COMPLETE-NONMATCH,nonmatch,Astra / C13-medium,-g0 -O2 -mips2 -G 0 -non_shared,16,cloud/work/boot_tail/C13-medium/nonmatch/func_80020F98.c,https://github.com/cabi24/SFRush2049-decomp/pull/62,"C13-medium; complete NONMATCH, no credit. See C13-medium/README.md and scores.json. Independent source review and exact aggregate CI pending; no cartridge credit."
0x80020FDC,func_80020FDC,76,BT04,audio_data_dispatch_80020FDC,COMPLETE-NONMATCH,nonmatch,Astra / C13-medium,-g0 -O2 -mips2 -G 0 -non_shared,18,cloud/work/boot_tail/C13-medium/nonmatch/func_80020FDC.c,https://github.com/cabi24/SFRush2049-decomp/pull/62,"C13-medium; complete NONMATCH, no credit. See C13-medium/README.md and scores.json. Independent source review and exact aggregate CI pending; no cartridge credit."
0x80021028,func_80021028,68,BT04,audio_data_dispatch_80021028,COMPLETE-NONMATCH,nonmatch,Astra / C13-medium,-g0 -O2 -mips2 -G 0 -non_shared,16,cloud/work/boot_tail/C13-medium/nonmatch/func_80021028.c,https://github.com/cabi24/SFRush2049-decomp/pull/62,"C13-medium; complete NONMATCH, no credit. See C13-medium/README.md and scores.json. Independent source review and exact aggregate CI pending; no cartridge credit."
0x8002106C,func_8002106C,228,BT04,audio_data_dispatch_8002106C,VERIFIED-BODY,verified_body,Astra / C13-medium,-g0 -O2 -mips2 -G 0 -non_shared,0,cloud/matches/boot_tail/func_8002106C.c,https://github.com/cabi24/SFRush2049-decomp/pull/62,"C13-medium; independently reviewed strict full relocated MATCH and exact-head CI PASS on09ac2a28/run37154187199. Hash-bound source in wave2/reviewed_sources.json; receipt wave2/ci.json. Body proof only, no cartridge or maintainer acceptance."
0x80021150,func_80021150,728,BT04,audio_data_dispatch_80021150,COMPLETE-NONMATCH,nonmatch,Astra / C13-input-value,-g0 -O2 -mips2 -G 0 -non_shared,24,cloud/work/boot_tail/C13-input-value/func_80021150_NONMATCH.c,,"C13-input-value; exact peer source/ABI PASS. Complete bounded nonmatch; zero match credit. Full two-pointer input-value body; strict 24/182, zero excess/relocation uncertainty, native frame 88. Ten bounded forms; native/model/C semantics agree on 2427 supported-format fixtures. No match/coverage credit; next step authentic conversion/coalescing context."
0x80021428,func_80021428,32,BT04,audio_controller_field_196,VERIFIED-BODY,verified_body,Astra / C13-small,-g0 -O2 -mips2 -G 0 -non_shared,0,cloud/matches/boot_tail/func_80021428.c,https://github.com/cabi24/SFRush2049-decomp/pull/61,"C13-small; independently reviewed source/ABI, strict full relocated MATCH and exact-source-head CI PASS at 3574dbec (run 37152316686). Source hash and provenance: wave1/reviewed_sources.json; receipt wave1/ci.json. Verified body only, no cartridge or maintainer acceptance."
0x80021448,func_80021448,32,BT04,audio_controller_field_214,VERIFIED-BODY,verified_body,Astra / C13-small,-g0 -O2 -mips2 -G 0 -non_shared,0,cloud/matches/boot_tail/func_80021448.c,https://github.com/cabi24/SFRush2049-decomp/pull/61,"C13-small; independently reviewed source/ABI, strict full relocated MATCH and exact-source-head CI PASS at 3574dbec (run 37152316686). Source hash and provenance: wave1/reviewed_sources.json; receipt wave1/ci.json. Verified body only, no cartridge or maintainer acceptance."
0x80021468,func_80021468,32,BT04,audio_controller_field_232,VERIFIED-BODY,verified_body,Astra / C13-small,-g0 -O2 -mips2 -G 0 -non_shared,0,cloud/matches/boot_tail/func_80021468.c,https://github.com/cabi24/SFRush2049-decomp/pull/61,"C13-small; independently reviewed source/ABI, strict full relocated MATCH and exact-source-head CI PASS at 3574dbec (run 37152316686). Source hash and provenance: wave1/reviewed_sources.json; receipt wave1/ci.json. Verified body only, no cartridge or maintainer acceptance."
0x80021488,func_80021488,32,BT04,audio_controller_field_250,VERIFIED-BODY,verified_body,Astra / C13-small,-g0 -O2 -mips2 -G 0 -non_shared,0,cloud/matches/boot_tail/func_80021488.c,https://github.com/cabi24/SFRush2049-decomp/pull/61,"C13-small; independently reviewed source/ABI, strict full relocated MATCH and exact-source-head CI PASS at 3574dbec (run 37152316686). Source hash and provenance: wave1/reviewed_sources.json; receipt wave1/ci.json. Verified body only, no cartridge or maintainer acceptance."
0x800214A8,func_800214A8,32,BT04,audio_controller_field_268,VERIFIED-BODY,verified_body,Astra / C13-small,-g0 -O2 -mips2 -G 0 -non_shared,0,cloud/matches/boot_tail/func_800214A8.c,https://github.com/cabi24/SFRush2049-decomp/pull/61,"C13-small; independently reviewed source/ABI, strict full relocated MATCH and exact-source-head CI PASS at 3574dbec (run 37152316686). Source hash and provenance: wave1/reviewed_sources.json; receipt wave1/ci.json. Verified body only, no cartridge or maintainer acceptance."
0x800214C8,func_800214C8,32,BT04,audio_controller_field_286,VERIFIED-BODY,verified_body,Astra / C13-small,-g0 -O2 -mips2 -G 0 -non_shared,0,cloud/matches/boot_tail/func_800214C8.c,https://github.com/cabi24/SFRush2049-decomp/pull/61,"C13-small; independently reviewed source/ABI, strict full relocated MATCH and exact-source-head CI PASS at 3574dbec (run 37152316686). Source hash and provenance: wave1/reviewed_sources.json; receipt wave1/ci.json. Verified body only, no cartridge or maintainer acceptance."
0x800214E8,func_800214E8,32,BT04,audio_controller_field_304,VERIFIED-BODY,verified_body,Astra / C13-small,-g0 -O2 -mips2 -G 0 -non_shared,0,cloud/matches/boot_tail/func_800214E8.c,https://github.com/cabi24/SFRush2049-decomp/pull/61,"C13-small; independently reviewed source/ABI, strict full relocated MATCH and exact-source-head CI PASS at 3574dbec (run 37152316686). Source hash and provenance: wave1/reviewed_sources.json; receipt wave1/ci.json. Verified body only, no cartridge or maintainer acceptance."
0x80021508,func_80021508,32,BT04,audio_controller_field_322,VERIFIED-BODY,verified_body,Astra / C13-small,-g0 -O2 -mips2 -G 0 -non_shared,0,cloud/matches/boot_tail/func_80021508.c,https://github.com/cabi24/SFRush2049-decomp/pull/61,"C13-small; independently reviewed source/ABI, strict full relocated MATCH and exact-source-head CI PASS at 3574dbec (run 37152316686). Source hash and provenance: wave1/reviewed_sources.json; receipt wave1/ci.json. Verified body only, no cartridge or maintainer acceptance."
0x80021528,func_80021528,32,BT04,audio_controller_field_340,VERIFIED-BODY,verified_body,Astra / C13-small,-g0 -O2 -mips2 -G 0 -non_shared,0,cloud/matches/boot_tail/func_80021528.c,https://github.com/cabi24/SFRush2049-decomp/pull/61,"C13-small; independently reviewed source/ABI, strict full relocated MATCH and exact-source-head CI PASS at 3574dbec (run 37152316686). Source hash and provenance: wave1/reviewed_sources.json; receipt wave1/ci.json. Verified body only, no cartridge or maintainer acceptance."
0x80021548,func_80021548,96,BT04,audio_data_dispatch_80021548,SOURCE-LEAD,nonmatch,Astra / C13-tail,-g0 -O1 -mips2 -G 0 -non_shared,15,cloud/work/boot_tail/C13-tail/nonmatch/func_80021548.c,,"C13-tail; blocked-source-lead; paired review complete, fourth-cut CI pending. One scoped packet; see C13-tail/README.md and scores.json. Paired source review and aggregate exact-head CI pending; zero cartridge credit. Blocked-for-scoring: needs-rodata-proof: canonical case-to-block mapping and local table relocation are unproved"
0x800215A8,func_800215A8,180,BT04,audio_data_dispatch_800215A8,COMPLETE-NONMATCH,nonmatch,Astra / C13-tail,-g0 -O2 -mips2 -G 0 -non_shared,28,cloud/work/boot_tail/C13-tail/nonmatch/func_800215A8.c,,"C13-tail; complete-nonmatch; paired review complete, fourth-cut CI pending. One scoped packet; see C13-tail/README.md and scores.json. Paired source review and aggregate exact-head CI pending; zero cartridge credit."
0x8002165C,func_8002165C,152,BT04,audio_data_dispatch_8002165C,COMPLETE-NONMATCH,nonmatch,Astra / C13-tail,-g0 -O2 -mips2 -G 0 -non_shared,35,cloud/work/boot_tail/C13-tail/nonmatch/func_8002165C.c,,"C13-tail; complete-nonmatch; paired review complete, fourth-cut CI pending. One scoped packet; see C13-tail/README.md and scores.json. Paired source review and aggregate exact-head CI pending; zero cartridge credit."
0x80021700,func_80021700,100,BT04,audio_data_dispatch_80021700,VERIFIED-BODY,verified_body,Astra / C13-tail,-g0 -O2 -mips2 -G 0 -non_shared,0,cloud/matches/boot_tail/func_80021700.c,https://github.com/cabi24/SFRush2049-decomp/pull/64,Paired source/ABI review and exact source-head Verify 37156783599 PASS on cbd048e6d03710fe828c8844de4d9d010da19ae0. Source unchanged; proof in wave4/ci.json.
0x80021764,func_80021764,128,BT04,audio_data_dispatch_80021764,COMPLETE-NONMATCH,nonmatch,Astra / C13-tail,-g0 -O2 -mips2 -G 0 -non_shared,14,cloud/work/boot_tail/C13-tail/nonmatch/func_80021764.c,,"C13-tail; complete-nonmatch; paired review complete, fourth-cut CI pending. One scoped packet; see C13-tail/README.md and scores.json. Paired source review and aggregate exact-head CI pending; zero cartridge credit."
0x800217E4,func_800217E4,96,BT04,audio_data_dispatch_800217E4,COMPLETE-NONMATCH,nonmatch,Astra / C13-tail,-g0 -O2 -mips2 -G 0 -non_shared,7,cloud/work/boot_tail/C13-tail/nonmatch/func_800217E4.c,,"C13-tail; complete-nonmatch; paired review complete, fourth-cut CI pending. One scoped packet; see C13-tail/README.md and scores.json. Paired source review and aggregate exact-head CI pending; zero cartridge credit."
0x80021844,func_80021844,136,BT04,audio_data_dispatch_80021844,COMPLETE-NONMATCH,nonmatch,Astra / C13-tail,-g0 -O2 -mips2 -G 0 -non_shared,14,cloud/work/boot_tail/C13-tail/nonmatch/func_80021844.c,,"C13-tail; complete-nonmatch; paired review complete, fourth-cut CI pending. One scoped packet; see C13-tail/README.md and scores.json. Paired source review and aggregate exact-head CI pending; zero cartridge credit."
0x800218CC,func_800218CC,112,BT05,audio_command_handler_800218CC,VERIFIED-BODY,verified_body,Astra / BT05-medium,-g0 -O2 -mips2 -G 0 -non_shared,0,cloud/matches/boot_tail/func_800218CC.c,https://github.com/cabi24/SFRush2049-decomp/pull/63,BT05-medium; peer-reviewed full relocated MATCH and exact-head CI PASS at aeba70fc / run 37155038665. Source and CI provenance: wave3/reviewed_sources.json and wave3/ci.json. No cartridge or maintainer acceptance.
0x8002193C,func_8002193C,608,BT05,audio_command_handler_8002193C,COMPLETE-NONMATCH,nonmatch,Astra / BT05-core-pair,-g0 -O2 -mips2 -G 0 -non_shared,103,cloud/work/boot_tail/BT05-core-pair/nonmatch/func_8002193C.c,,BT05-core-pair; exact peer source/ABI PASS. Complete bounded nonmatch; zero match credit. COMPLETE-NONMATCH; real wait and eleven-input constructor ABI; bounded natural forms; valid state/program domains; zero matching credit.
0x80021B9C,func_80021B9C,36,BT05,audio_command_handler_80021B9C,VERIFIED-BODY,verified_body,Astra / BT05-wrappers,-g0 -O2 -mips2 -G 0 -non_shared,0,cloud/matches/boot_tail/func_80021B9C.c,https://github.com/cabi24/SFRush2049-decomp/pull/62,"BT05-wrappers; independently reviewed strict full relocated MATCH and exact-head CI PASS on09ac2a28/run37154187199. Hash-bound source in wave2/reviewed_sources.json; receipt wave2/ci.json. Body proof only, no cartridge or maintainer acceptance."
0x80021BC0,func_80021BC0,48,BT05,audio_command_handler_80021BC0,VERIFIED-BODY,verified_body,Astra / BT05-wrappers,-g0 -O2 -mips2 -G 0 -non_shared,0,cloud/matches/boot_tail/func_80021BC0.c,https://github.com/cabi24/SFRush2049-decomp/pull/62,"BT05-wrappers; independently reviewed strict full relocated MATCH and exact-head CI PASS on09ac2a28/run37154187199. Hash-bound source in wave2/reviewed_sources.json; receipt wave2/ci.json. Body proof only, no cartridge or maintainer acceptance."
0x80021BF0,func_80021BF0,104,BT05,audio_command_handler_80021BF0,VERIFIED-BODY,verified_body,Astra / BT05-medium-next,-g0 -O2 -mips2 -G 0 -non_shared,0,cloud/matches/boot_tail/func_80021BF0.c,https://github.com/cabi24/SFRush2049-decomp/pull/64,Paired source/ABI review and exact source-head Verify 37156783599 PASS on cbd048e6d03710fe828c8844de4d9d010da19ae0. Source unchanged; proof in wave4/ci.json.
0x80021C58,func_80021C58,132,BT05,audio_command_handler_80021C58,COMPLETE-NONMATCH,nonmatch,Astra / BT05-conditions,-g0 -O2 -mips2 -G 0 -non_shared,21,cloud/work/boot_tail/BT05-conditions/nonmatch/func_80021C58.c,,BT05-conditions; exact peer source/ABI PASS. Complete bounded nonmatch; zero match credit. COMPLETE-NONMATCH; bounded natural conditional transfer reconstruction; halfword lookup ABI preserved.
0x80021CDC,func_80021CDC,128,BT05,audio_command_handler_80021CDC,COMPLETE-NONMATCH,nonmatch,Astra / BT05-conditions,-g0 -O2 -mips2 -G 0 -non_shared,21,cloud/work/boot_tail/BT05-conditions/nonmatch/func_80021CDC.c,,BT05-conditions; exact peer source/ABI PASS. Complete bounded nonmatch; zero match credit. COMPLETE-NONMATCH; bounded natural conditional transfer reconstruction; halfword lookup ABI preserved.
0x80021D5C,func_80021D5C,156,BT05,audio_command_handler_80021D5C,COMPLETE-NONMATCH,nonmatch,Astra / BT05-conditions,-g0 -O2 -mips2 -G 0 -non_shared,21,cloud/work/boot_tail/BT05-conditions/nonmatch/func_80021D5C.c,,BT05-conditions; exact peer source/ABI PASS. Complete bounded nonmatch; zero match credit. COMPLETE-NONMATCH; bounded natural conditional transfer reconstruction; halfword lookup ABI preserved.
0x80021DF8,func_80021DF8,124,BT05,audio_command_handler_80021DF8,COMPLETE-NONMATCH,nonmatch,Astra / BT05-conditions,-g0 -O2 -mips2 -G 0 -non_shared,19,cloud/work/boot_tail/BT05-conditions/nonmatch/func_80021DF8.c,,BT05-conditions; exact peer source/ABI PASS. Complete bounded nonmatch; zero match credit. COMPLETE-NONMATCH; bounded natural conditional transfer reconstruction; halfword lookup ABI preserved.
0x80021E74,func_80021E74,148,BT05,audio_command_handler_80021E74,COMPLETE-NONMATCH,nonmatch,Astra / BT05-conditions,-g0 -O2 -mips2 -G 0 -non_shared,16,cloud/work/boot_tail/BT05-conditions/nonmatch/func_80021E74.c,,BT05-conditions; exact peer source/ABI PASS. Complete bounded nonmatch; zero match credit. COMPLETE-NONMATCH; bounded natural conditional transfer reconstruction; halfword lookup ABI preserved.
0x80021F08,func_80021F08,96,BT05,audio_command_handler_80021F08,COMPLETE-NONMATCH,nonmatch,Astra / BT05-medium-next,-g0 -O2 -mips2 -G 0 -non_shared,9,cloud/work/boot_tail/BT05-medium-next/nonmatch/func_80021F08.c,,"BT05-medium-next; complete-nonmatch; paired review complete, fourth-cut CI pending. COMPLETE-NONMATCH; bounded natural forms, see packet README and experiments."
0x80021F68,func_80021F68,28,BT05,audio_command_handler_80021F68,VERIFIED-BODY,verified_body,Astra / BT05-leaves,-g0 -O2 -mips2 -G 0 -non_shared,0,cloud/matches/boot_tail/func_80021F68.c,https://github.com/cabi24/SFRush2049-decomp/pull/61,"BT05-leaves; independently reviewed source/ABI, strict full relocated MATCH and exact-source-head CI PASS at 3574dbec (run 37152316686). Source hash and provenance: wave1/reviewed_sources.json; receipt wave1/ci.json. Verified body only, no cartridge or maintainer acceptance."
0x80021F84,func_80021F84,476,BT05,audio_command_handler_80021F84,COMPLETE-NONMATCH,nonmatch,Astra / BT05-timed-pair,-g0 -O2 -mips2 -G 0 -non_shared,35,cloud/work/boot_tail/BT05-timed-pair/nonmatch/func_80021F84.c,,BT05-timed-pair; exact peer source/ABI PASS. Complete bounded nonmatch; zero match credit. COMPLETE-NONMATCH; bounded natural control flow; packed sentinel and signed-byte timing domains retained; zero matching credit.
0x80022160,func_80022160,452,BT05,audio_command_handler_80022160,COMPLETE-NONMATCH,nonmatch,Astra / BT05-resource-pair,-g0 -O2 -mips2 -G 0 -non_shared,95,cloud/work/boot_tail/BT05-resource-pair/nonmatch/func_80022160.c,,BT05-resource-pair; exact peer source/ABI PASS. Complete bounded nonmatch; zero match credit. COMPLETE-NONMATCH; real constructor/sample contracts and valid resource domains; bounded natural source controls; zero matching credit.
0x80022324,func_80022324,172,BT05,audio_command_handler_80022324,COMPLETE-NONMATCH,nonmatch,Astra / BT05-macro-five,-g0 -O2 -mips2 -G 0 -non_shared,2,cloud/work/boot_tail/BT05-macro-five/nonmatch/func_80022324.c,,BT05-macro-five; exact peer source/ABI PASS. Complete bounded nonmatch; zero match credit. COMPLETE-NONMATCH; BT05-macro-five; native ABI and compiler residual documented; zero verified bytes
0x800223D0,func_800223D0,108,BT05,audio_command_handler_800223D0,COMPLETE-NONMATCH,nonmatch,Astra / BT05-medium,-g0 -O2 -mips2 -G 0 -non_shared,11,cloud/work/boot_tail/BT05-medium/nonmatch/func_800223D0.c,https://github.com/cabi24/SFRush2049-decomp/pull/63,"BT05-medium; complete bounded NONMATCH, no credit. COMPLETE-NONMATCH; bounded natural forms, see packet README and experiments."
0x8002243C,func_8002243C,32,BT05,audio_command_handler_8002243C,VERIFIED-BODY,verified_body,Astra / BT05-leaves,-g0 -O2 -mips2 -G 0 -non_shared,0,cloud/matches/boot_tail/func_8002243C.c,https://github.com/cabi24/SFRush2049-decomp/pull/61,"BT05-leaves; independently reviewed source/ABI, strict full relocated MATCH and exact-source-head CI PASS at 3574dbec (run 37152316686). Source hash and provenance: wave1/reviewed_sources.json; receipt wave1/ci.json. Verified body only, no cartridge or maintainer acceptance."
0x8002245C,func_8002245C,84,BT05,audio_command_handler_8002245C,VERIFIED-BODY,verified_body,Astra / BT05-medium,-g0 -O2 -mips2 -G 0 -non_shared,0,cloud/matches/boot_tail/func_8002245C.c,https://github.com/cabi24/SFRush2049-decomp/pull/63,BT05-medium; peer-reviewed full relocated MATCH and exact-head CI PASS at aeba70fc / run 37155038665. Source and CI provenance: wave3/reviewed_sources.json and wave3/ci.json. No cartridge or maintainer acceptance.
0x800224B0,func_800224B0,100,BT05,audio_command_handler_800224B0,VERIFIED-BODY,verified_body,Astra / BT05-medium,-g0 -O2 -mips2 -G 0 -non_shared,0,cloud/matches/boot_tail/func_800224B0.c,https://github.com/cabi24/SFRush2049-decomp/pull/63,BT05-medium; peer-reviewed full relocated MATCH and exact-head CI PASS at aeba70fc / run 37155038665. Source and CI provenance: wave3/reviewed_sources.json and wave3/ci.json. No cartridge or maintainer acceptance.
0x80022514,func_80022514,108,BT05,audio_command_handler_80022514,COMPLETE-NONMATCH,nonmatch,Astra / BT05-medium-next,-g0 -O2 -mips2 -G 0 -non_shared,23,cloud/work/boot_tail/BT05-medium-next/nonmatch/func_80022514.c,,"BT05-medium-next; complete-nonmatch; paired review complete, fourth-cut CI pending. COMPLETE-NONMATCH; bounded natural forms, see packet README and experiments."
0x80022580,func_80022580,44,BT05,audio_command_handler_80022580,COMPLETE-NONMATCH,nonmatch,Astra / BT05-wrappers,-g0 -O2 -mips2 -G 0 -non_shared,2,cloud/work/boot_tail/BT05-wrappers/nonmatch/func_80022580.c,https://github.com/cabi24/SFRush2049-decomp/pull/62,"BT05-wrappers; complete NONMATCH, no credit. COMPLETE-NONMATCH; bounded natural source forms, see experiments.json; no match claimed."
0x800225AC,func_800225AC,48,BT05,audio_command_handler_800225AC,VERIFIED-BODY,verified_body,Astra / BT05-leaves,-g0 -O2 -mips2 -G 0 -non_shared,0,cloud/matches/boot_tail/func_800225AC.c,https://github.com/cabi24/SFRush2049-decomp/pull/61,"BT05-leaves; independently reviewed source/ABI, strict full relocated MATCH and exact-source-head CI PASS at 3574dbec (run 37152316686). Source hash and provenance: wave1/reviewed_sources.json; receipt wave1/ci.json. Verified body only, no cartridge or maintainer acceptance."
0x800225DC,func_800225DC,32,BT05,audio_command_handler_800225DC,VERIFIED-BODY,verified_body,Astra / BT05-leaves,-g0 -O2 -mips2 -G 0 -non_shared,0,cloud/matches/boot_tail/func_800225DC.c,https://github.com/cabi24/SFRush2049-decomp/pull/61,"BT05-leaves; independently reviewed source/ABI, strict full relocated MATCH and exact-source-head CI PASS at 3574dbec (run 37152316686). Source hash and provenance: wave1/reviewed_sources.json; receipt wave1/ci.json. Verified body only, no cartridge or maintainer acceptance."
0x800225FC,func_800225FC,124,BT05,audio_command_handler_800225FC,VERIFIED-BODY,verified_body,Astra / BT05-variables,-g0 -O2 -mips2 -G 0 -non_shared,0,cloud/matches/boot_tail/func_800225FC.c,https://github.com/cabi24/SFRush2049-decomp/pull/68,Exact peer source/ABI PASS and source-head Verify 37164693092 success on c196e2126217abb91380b240c68e7ea9c52fd941. Source unchanged; proof in wave8/ci.json.
0x80022678,func_80022678,292,BT05,audio_command_handler_80022678,VERIFIED-BODY,verified_body,Astra / BT05-larger-trio,-g0 -O2 -mips2 -G 0 -non_shared,0,cloud/matches/boot_tail/func_80022678.c,https://github.com/cabi24/SFRush2049-decomp/pull/69,Exact peer source/ABI PASS and source-head Verify 37168100105 success on a6b7e43c9474d7e918ea76acc4f40d06986de2a7. Source unchanged; proof in wave9/ci.json.
0x8002279C,func_8002279C,216,BT05,audio_command_handler_8002279C,COMPLETE-NONMATCH,nonmatch,Astra / BT05-variables,-g0 -O2 -mips2 -G 0 -non_shared,7,cloud/work/boot_tail/BT05-variables/nonmatch/func_8002279C.c,,BT05-variables; exact peer source/ABI PASS. Complete bounded nonmatch; zero match credit. COMPLETE-NONMATCH; bounded natural source controls; genuine native ABI retained.
0x80022874,func_80022874,460,BT05,audio_command_handler_80022874,COMPLETE-NONMATCH,nonmatch,Astra / BT05-resource-pair,-g0 -O2 -mips2 -G 0 -non_shared,103,cloud/work/boot_tail/BT05-resource-pair/nonmatch/func_80022874.c,,BT05-resource-pair; exact peer source/ABI PASS. Complete bounded nonmatch; zero match credit. COMPLETE-NONMATCH; real constructor/sample contracts and valid resource domains; bounded natural source controls; zero matching credit.
0x80022A40,func_80022A40,56,BT05,audio_command_handler_80022A40,COMPLETE-NONMATCH,nonmatch,Astra / BT05-wrappers,-g0 -O2 -mips2 -G 0 -non_shared,7,cloud/work/boot_tail/BT05-wrappers/nonmatch/func_80022A40.c,https://github.com/cabi24/SFRush2049-decomp/pull/62,"BT05-wrappers; complete NONMATCH, no credit. COMPLETE-NONMATCH; bounded natural source forms, see experiments.json; no match claimed."
0x80022A78,func_80022A78,32,BT05,audio_command_handler_80022A78,VERIFIED-BODY,verified_body,Astra / BT05-leaves,-g0 -O2 -mips2 -G 0 -non_shared,0,cloud/matches/boot_tail/func_80022A78.c,https://github.com/cabi24/SFRush2049-decomp/pull/61,"BT05-leaves; independently reviewed source/ABI, strict full relocated MATCH and exact-source-head CI PASS at 3574dbec (run 37152316686). Source hash and provenance: wave1/reviewed_sources.json; receipt wave1/ci.json. Verified body only, no cartridge or maintainer acceptance."
0x80022A98,func_80022A98,448,BT05,audio_command_handler_80022A98,COMPLETE-NONMATCH,nonmatch,Astra / BT05-timed-pair,-g0 -O2 -mips2 -G 0 -non_shared,57,cloud/work/boot_tail/BT05-timed-pair/nonmatch/func_80022A98.c,,BT05-timed-pair; exact peer source/ABI PASS. Complete bounded nonmatch; zero match credit. COMPLETE-NONMATCH; bounded natural control flow; packed sentinel and signed-byte timing domains retained; zero matching credit.
0x80022C58,func_80022C58,124,BT05,audio_command_handler_80022C58,VERIFIED-BODY,verified_body,Astra / BT05-medium-next,-g0 -O2 -mips2 -G 0 -non_shared,0,cloud/matches/boot_tail/func_80022C58.c,https://github.com/cabi24/SFRush2049-decomp/pull/64,Paired source/ABI review and exact source-head Verify 37156783599 PASS on cbd048e6d03710fe828c8844de4d9d010da19ae0. Source unchanged; proof in wave4/ci.json.
0x80022CD4,func_80022CD4,592,BT05,audio_command_handler_80022CD4,COMPLETE-NONMATCH,nonmatch,Astra / BT05-conditional-pitch,-g0 -O2 -mips2 -G 0 -non_shared,125,cloud/work/boot_tail/BT05-conditional-pitch/func_80022CD4_CONDITIONAL.c,,"BT05-conditional-pitch; fresh recovered source/ABI peer PASS. Complete bounded nonmatch; zero matching credit. Conditional native-address reconstruction only. Original table object, extent, values and producer invariant remain unproved. Valid backing storage for each visited/adjacent halfword, a terminating backward walk and nonzero divisors are required; known donor-bound and wrapping-normalization counterexamples are retained. No universal runtime safety or ISO-C portability claim."
0x80022F24,func_80022F24,232,BT05,audio_command_handler_80022F24,COMPLETE-NONMATCH,nonmatch,Astra / BT05-variables,-g0 -O2 -mips2 -G 0 -non_shared,35,cloud/work/boot_tail/BT05-variables/nonmatch/func_80022F24.c,,BT05-variables; exact peer source/ABI PASS. Complete bounded nonmatch; zero match credit. COMPLETE-NONMATCH; bounded natural source controls; genuine native ABI retained.
0x8002300C,func_8002300C,164,BT05,audio_command_handler_8002300C,COMPLETE-NONMATCH,nonmatch,Astra / BT05-variables,-g0 -O2 -mips2 -G 0 -non_shared,22,cloud/work/boot_tail/BT05-variables/nonmatch/func_8002300C.c,,BT05-variables; exact peer source/ABI PASS. Complete bounded nonmatch; zero match credit. COMPLETE-NONMATCH; bounded natural source controls; genuine native ABI retained.
0x800230B0,func_800230B0,224,BT05,audio_command_handler_800230B0,COMPLETE-NONMATCH,nonmatch,Astra / BT05-macro-five,-g0 -O2 -mips2 -G 0 -non_shared,43,cloud/work/boot_tail/BT05-macro-five/nonmatch/func_800230B0.c,,BT05-macro-five; exact peer source/ABI PASS. Complete bounded nonmatch; zero match credit. COMPLETE-NONMATCH; BT05-macro-five; native ABI and compiler residual documented; zero verified bytes
0x80023190,func_80023190,140,BT05,audio_command_handler_80023190,COMPLETE-NONMATCH,nonmatch,Astra / BT05-medium,-g0 -O2 -mips2 -G 0 -non_shared,18,cloud/work/boot_tail/BT05-medium/nonmatch/func_80023190.c,https://github.com/cabi24/SFRush2049-decomp/pull/63,"BT05-medium; complete bounded NONMATCH, no credit. COMPLETE-NONMATCH; bounded natural forms, see packet README and experiments."
0x8002321C,func_8002321C,136,BT05,audio_command_handler_8002321C,COMPLETE-NONMATCH,nonmatch,Astra / BT05-variables,-g0 -O2 -mips2 -G 0 -non_shared,20,cloud/work/boot_tail/BT05-variables/nonmatch/func_8002321C.c,,BT05-variables; exact peer source/ABI PASS. Complete bounded nonmatch; zero match credit. COMPLETE-NONMATCH; bounded natural source controls; genuine native ABI retained.
0x800232A4,func_800232A4,268,BT05,audio_command_handler_800232A4,COMPLETE-NONMATCH,nonmatch,Astra / BT05-larger-pair,-g0 -O2 -mips2 -G 0 -non_shared,7,cloud/work/boot_tail/BT05-larger-pair/nonmatch/func_800232A4.c,,BT05-larger-pair; exact peer source/ABI PASS. Complete bounded nonmatch; zero match credit. COMPLETE-NONMATCH; three bounded natural forms; native unsigned low-word/signed16/RNG contracts retained; no matching credit.
0x800233B0,func_800233B0,368,BT05,audio_command_handler_800233B0,COMPLETE-NONMATCH,nonmatch,Astra / BT05-larger-trio,-g0 -O2 -mips2 -G 0 -non_shared,27,cloud/work/boot_tail/BT05-larger-trio/nonmatch/func_800233B0.c,,BT05-larger-trio; exact peer source/ABI PASS. Complete bounded nonmatch; zero match credit. COMPLETE-NONMATCH; initial complete source preserved after one unchanged natural expression control.
0x80023520,func_80023520,36,BT05,audio_command_handler_80023520,VERIFIED-BODY,verified_body,Astra / BT05-wrappers,-g0 -O2 -mips2 -G 0 -non_shared,0,cloud/matches/boot_tail/func_80023520.c,https://github.com/cabi24/SFRush2049-decomp/pull/62,"BT05-wrappers; independently reviewed strict full relocated MATCH and exact-head CI PASS on09ac2a28/run37154187199. Hash-bound source in wave2/reviewed_sources.json; receipt wave2/ci.json. Body proof only, no cartridge or maintainer acceptance."
0x80023544,func_80023544,32,BT05,audio_command_handler_80023544,VERIFIED-BODY,verified_body,Astra / BT05-wrappers,-g0 -O2 -mips2 -G 0 -non_shared,0,cloud/matches/boot_tail/func_80023544.c,https://github.com/cabi24/SFRush2049-decomp/pull/62,"BT05-wrappers; independently reviewed strict full relocated MATCH and exact-head CI PASS on09ac2a28/run37154187199. Hash-bound source in wave2/reviewed_sources.json; receipt wave2/ci.json. Body proof only, no cartridge or maintainer acceptance."
0x80023564,func_80023564,428,BT05,audio_command_handler_80023564,COMPLETE-NONMATCH,nonmatch,Astra / BT05-larger-pair,-g0 -O2 -mips2 -G 0 -non_shared,66,cloud/work/boot_tail/BT05-larger-pair/nonmatch/func_80023564.c,,BT05-larger-pair; exact peer source/ABI PASS. Complete bounded nonmatch; zero match credit. COMPLETE-NONMATCH; three bounded natural forms; native unsigned low-word/signed16/RNG contracts retained; no matching credit.
0x80023710,func_80023710,36,BT05,audio_command_handler_80023710,VERIFIED-BODY,verified_body,Astra / BT05-leaves,-g0 -O2 -mips2 -G 0 -non_shared,0,cloud/matches/boot_tail/func_80023710.c,https://github.com/cabi24/SFRush2049-decomp/pull/61,"BT05-leaves; independently reviewed source/ABI, strict full relocated MATCH and exact-source-head CI PASS at 3574dbec (run 37152316686). Source hash and provenance: wave1/reviewed_sources.json; receipt wave1/ci.json. Verified body only, no cartridge or maintainer acceptance."
0x80023734,func_80023734,32,BT05,audio_command_handler_80023734,VERIFIED-BODY,verified_body,Astra / BT05-leaves,-g0 -O2 -mips2 -G 0 -non_shared,0,cloud/matches/boot_tail/func_80023734.c,https://github.com/cabi24/SFRush2049-decomp/pull/61,"BT05-leaves; independently reviewed source/ABI, strict full relocated MATCH and exact-source-head CI PASS at 3574dbec (run 37152316686). Source hash and provenance: wave1/reviewed_sources.json; receipt wave1/ci.json. Verified body only, no cartridge or maintainer acceptance."
0x80023754,func_80023754,196,BT05,audio_command_handler_80023754,COMPLETE-NONMATCH,nonmatch,Astra / BT05-control-dispatch,-g0 -O2 -mips2 -G 0 -non_shared,22,cloud/work/boot_tail/BT05-control-dispatch/nonmatch/func_80023754.c,,BT05-control-dispatch; exact peer source/ABI PASS. Complete bounded nonmatch; zero match credit. COMPLETE-NONMATCH; three bounded natural forms; genuine four-input ABI;21548 external declaration only and its source/table blocker unchanged.
0x80023818,func_80023818,44,BT05,audio_command_handler_80023818,VERIFIED-BODY,verified_body,Astra / BT05-controls,-g0 -O2 -mips2 -G 0 -non_shared,0,cloud/matches/boot_tail/func_80023818.c,https://github.com/cabi24/SFRush2049-decomp/pull/62,"BT05-controls; independently reviewed strict full relocated MATCH and exact-head CI PASS on09ac2a28/run37154187199. Hash-bound source in wave2/reviewed_sources.json; receipt wave2/ci.json. Body proof only, no cartridge or maintainer acceptance."
0x80023844,func_80023844,44,BT05,audio_command_handler_80023844,VERIFIED-BODY,verified_body,Astra / BT05-controls,-g0 -O2 -mips2 -G 0 -non_shared,0,cloud/matches/boot_tail/func_80023844.c,https://github.com/cabi24/SFRush2049-decomp/pull/62,"BT05-controls; independently reviewed strict full relocated MATCH and exact-head CI PASS on09ac2a28/run37154187199. Hash-bound source in wave2/reviewed_sources.json; receipt wave2/ci.json. Body proof only, no cartridge or maintainer acceptance."
0x80023870,func_80023870,44,BT05,audio_command_handler_80023870,VERIFIED-BODY,verified_body,Astra / BT05-controls,-g0 -O2 -mips2 -G 0 -non_shared,0,cloud/matches/boot_tail/func_80023870.c,https://github.com/cabi24/SFRush2049-decomp/pull/62,"BT05-controls; independently reviewed strict full relocated MATCH and exact-head CI PASS on09ac2a28/run37154187199. Hash-bound source in wave2/reviewed_sources.json; receipt wave2/ci.json. Body proof only, no cartridge or maintainer acceptance."
0x8002389C,func_8002389C,44,BT05,audio_command_handler_8002389C,VERIFIED-BODY,verified_body,Astra / BT05-controls,-g0 -O2 -mips2 -G 0 -non_shared,0,cloud/matches/boot_tail/func_8002389C.c,https://github.com/cabi24/SFRush2049-decomp/pull/62,"BT05-controls; independently reviewed strict full relocated MATCH and exact-head CI PASS on09ac2a28/run37154187199. Hash-bound source in wave2/reviewed_sources.json; receipt wave2/ci.json. Body proof only, no cartridge or maintainer acceptance."
0x800238C8,func_800238C8,44,BT05,audio_command_handler_800238C8,VERIFIED-BODY,verified_body,Astra / BT05-controls,-g0 -O2 -mips2 -G 0 -non_shared,0,cloud/matches/boot_tail/func_800238C8.c,https://github.com/cabi24/SFRush2049-decomp/pull/62,"BT05-controls; independently reviewed strict full relocated MATCH and exact-head CI PASS on09ac2a28/run37154187199. Hash-bound source in wave2/reviewed_sources.json; receipt wave2/ci.json. Body proof only, no cartridge or maintainer acceptance."
0x800238F4,func_800238F4,44,BT05,audio_command_handler_800238F4,VERIFIED-BODY,verified_body,Astra / BT05-controls,-g0 -O2 -mips2 -G 0 -non_shared,0,cloud/matches/boot_tail/func_800238F4.c,https://github.com/cabi24/SFRush2049-decomp/pull/62,"BT05-controls; independently reviewed strict full relocated MATCH and exact-head CI PASS on09ac2a28/run37154187199. Hash-bound source in wave2/reviewed_sources.json; receipt wave2/ci.json. Body proof only, no cartridge or maintainer acceptance."
0x80023920,func_80023920,44,BT05,audio_command_handler_80023920,VERIFIED-BODY,verified_body,Astra / BT05-controls,-g0 -O2 -mips2 -G 0 -non_shared,0,cloud/matches/boot_tail/func_80023920.c,https://github.com/cabi24/SFRush2049-decomp/pull/62,"BT05-controls; independently reviewed strict full relocated MATCH and exact-head CI PASS on09ac2a28/run37154187199. Hash-bound source in wave2/reviewed_sources.json; receipt wave2/ci.json. Body proof only, no cartridge or maintainer acceptance."
0x8002394C,func_8002394C,44,BT05,audio_command_handler_8002394C,VERIFIED-BODY,verified_body,Astra / BT05-controls,-g0 -O2 -mips2 -G 0 -non_shared,0,cloud/matches/boot_tail/func_8002394C.c,https://github.com/cabi24/SFRush2049-decomp/pull/62,"BT05-controls; independently reviewed strict full relocated MATCH and exact-head CI PASS on09ac2a28/run37154187199. Hash-bound source in wave2/reviewed_sources.json; receipt wave2/ci.json. Body proof only, no cartridge or maintainer acceptance."
0x80023978,func_80023978,44,BT05,audio_command_handler_80023978,VERIFIED-BODY,verified_body,Astra / BT05-controls,-g0 -O2 -mips2 -G 0 -non_shared,0,cloud/matches/boot_tail/func_80023978.c,https://github.com/cabi24/SFRush2049-decomp/pull/62,"BT05-controls; independently reviewed strict full relocated MATCH and exact-head CI PASS on09ac2a28/run37154187199. Hash-bound source in wave2/reviewed_sources.json; receipt wave2/ci.json. Body proof only, no cartridge or maintainer acceptance."
0x800239A4,func_800239A4,304,BT05,audio_command_handler_800239A4,COMPLETE-NONMATCH,nonmatch,Astra / BT05-larger-trio,-g0 -O2 -mips2 -G 0 -non_shared,21,cloud/work/boot_tail/BT05-larger-trio/nonmatch/func_800239A4.c,,BT05-larger-trio; exact peer source/ABI PASS. Complete bounded nonmatch; zero match credit. COMPLETE-NONMATCH; initial complete source preserved after one unchanged natural expression control.
0x80023AD4,func_80023AD4,124,BT05,audio_command_handler_80023AD4,COMPLETE-NONMATCH,nonmatch,Astra / BT05-macro-five,-g0 -O2 -mips2 -G 0 -non_shared,25,cloud/work/boot_tail/BT05-macro-five/nonmatch/func_80023AD4.c,,BT05-macro-five; exact peer source/ABI PASS. Complete bounded nonmatch; zero match credit. COMPLETE-NONMATCH; BT05-macro-five; native ABI and compiler residual documented; zero verified bytes
0x80023B50,func_80023B50,140,BT05,audio_command_handler_80023B50,COMPLETE-NONMATCH,nonmatch,Astra / BT05-macro-five,-g0 -O2 -mips2 -G 0 -non_shared,33,cloud/work/boot_tail/BT05-macro-five/nonmatch/func_80023B50.c,,BT05-macro-five; exact peer source/ABI PASS. Complete bounded nonmatch; zero match credit. COMPLETE-NONMATCH; BT05-macro-five; native ABI and compiler residual documented; zero verified bytes
0x80023BDC,func_80023BDC,404,BT05,audio_command_handler_80023BDC,HYPOTHESIS,open,,,,,,C14; role/ABI unproved; metadata scan leads only; unclaimed matching target.
0x80023D70,func_80023D70,72,BT05,audio_command_handler_80023D70,COMPLETE-NONMATCH,nonmatch,Astra / BT05-medium-next,-g0 -O2 -mips2 -G 0 -non_shared,5,cloud/work/boot_tail/BT05-medium-next/nonmatch/func_80023D70.c,,"BT05-medium-next; complete-nonmatch; paired review complete, fourth-cut CI pending. COMPLETE-NONMATCH; bounded natural forms, see packet README and experiments."
0x80023DB8,func_80023DB8,228,BT05,audio_command_handler_80023DB8,COMPLETE-NONMATCH,nonmatch,Astra / BT05-macro-five,-g0 -O2 -mips2 -G 0 -non_shared,49,cloud/work/boot_tail/BT05-macro-five/nonmatch/func_80023DB8.c,,BT05-macro-five; exact peer source/ABI PASS. Complete bounded nonmatch; zero match credit. COMPLETE-NONMATCH; BT05-macro-five; native ABI and compiler residual documented; zero verified bytes
0x80023E9C,func_80023E9C,2796,BT05,MusyX macHandleActive source lead; N64 layout/version unproved,SOURCE-LEAD,open,,,,,,"AxioDL/musyx@78d2e16e4905fc675952162d331c24d5198b2687 src/musyx/runtime/synthmacros.c: 32-step cap, two-word MSTEP, opcode&0x7f through0x71; no compilation or match. See REFERENCES.md."
0x80024988,func_80024988,608,BT05,audio_command_handler_80024988,COMPLETE-NONMATCH,nonmatch,Astra / BT05-core-pair,-g0 -O2 -mips2 -G 0 -non_shared,93,cloud/work/boot_tail/BT05-core-pair/nonmatch/func_80024988.c,,BT05-core-pair; exact peer source/ABI PASS. Complete bounded nonmatch; zero match credit. COMPLETE-NONMATCH; real wait and eleven-input constructor ABI; bounded natural forms; valid state/program domains; zero matching credit.
0x80024BF0,func_80024BF0,172,BT06,MusyX salApplyMatrix source lead,VERIFIED-BODY,verified_body,Astra / BT06-math-trio,-g0 -O2 -mips2 -G 0 -non_shared,0,cloud/matches/boot_tail/func_80024BF0.c,https://github.com/cabi24/SFRush2049-decomp/pull/72,Exact peer source/ABI/ELF extent PASS and source-head Verify37172540204 success on 1ef54c2e507e6d29cc22d041bf5d99dc2173bfd8. Fresh Git-data read-back binds exact reviewed tree; proof in wave12/ci.json.
0x80024C9C,func_80024C9C,104,BT06,MusyX salNormalizeVector source lead,VERIFIED-BODY,verified_body,Astra / BT06-math-trio,-g0 -O2 -mips2 -G 0 -non_shared,0,cloud/matches/boot_tail/func_80024C9C.c,https://github.com/cabi24/SFRush2049-decomp/pull/72,Exact peer source/ABI/ELF extent PASS and source-head Verify37172540204 success on 1ef54c2e507e6d29cc22d041bf5d99dc2173bfd8. Fresh Git-data read-back binds exact reviewed tree; proof in wave12/ci.json.
0x80024D04,func_80024D04,112,BT06,MusyX salCrossProduct source lead,VERIFIED-BODY,verified_body,Astra / BT06-math-trio,-g0 -O2 -mips2 -G 0 -non_shared,0,cloud/matches/boot_tail/func_80024D04.c,https://github.com/cabi24/SFRush2049-decomp/pull/72,Exact peer source/ABI/ELF extent PASS and source-head Verify37172540204 success on 1ef54c2e507e6d29cc22d041bf5d99dc2173bfd8. Fresh Git-data read-back binds exact reviewed tree; proof in wave12/ci.json.
0x80024D74,func_80024D74,564,BT06,MusyX salInvertMatrix source lead,VERIFIED-BODY,verified_body,Astra / BT06-matrix-inverse,-g0 -O2 -mips2 -G 0 -non_shared,0,cloud/matches/boot_tail/func_80024D74.c,https://github.com/cabi24/SFRush2049-decomp/pull/73,"BT06-matrix-inverse; immutable peer source/ABI PASS, exact relocated body and ELF extent verified; PR73 exact-head CI success at f366682b / tree7aeba9eb. Domain limits remain in packet."
0x80024FB0,func_80024FB0,36,BT07,buffered_stream_service_80024FB0,VERIFIED-BODY,verified_body,Astra / BT07-small,-g0 -O2 -mips2 -G 0 -non_shared,0,cloud/matches/boot_tail/func_80024FB0.c,https://github.com/cabi24/SFRush2049-decomp/pull/63,BT07-small; peer-reviewed full relocated MATCH and exact-head CI PASS at aeba70fc / run 37155038665. Source and CI provenance: wave3/reviewed_sources.json and wave3/ci.json. No cartridge or maintainer acceptance.
0x80024FD4,func_80024FD4,152,BT07,buffered_stream_service_80024FD4,COMPLETE-NONMATCH,nonmatch,Astra / BT07-medium,-g0 -O2 -mips2 -G 0 -non_shared,2,cloud/work/boot_tail/BT07-medium/func_80024FD4_NONMATCH.c,,"BT07-medium; complete-nonmatch; paired review complete, fourth-cut CI pending. COMPLETE-NONMATCH; two stream-pointer stack homes"
0x8002506C,func_8002506C,64,BT07,queue_transfer_callback,VERIFIED-BODY,verified_body,Astra / BT07-followon,-g0 -O2 -mips2 -G 0 -non_shared,0,cloud/matches/boot_tail/func_8002506C.c,https://github.com/cabi24/SFRush2049-decomp/pull/65,Exact peer source/ABI PASS and source-head Verify 37158886171 success on 57cbafc3bb0672a2632cfc0a40794f4da488275d. Unchanged source; proof in wave5/ci.json.
0x800250AC,func_800250AC,68,BT07,buffered_stream_service_800250AC,VERIFIED-BODY,verified_body,Astra / BT07-medium,-g0 -O2 -mips2 -G 0 -non_shared,0,cloud/matches/boot_tail/func_800250AC.c,https://github.com/cabi24/SFRush2049-decomp/pull/64,Paired source/ABI review and exact source-head Verify 37156783599 PASS on cbd048e6d03710fe828c8844de4d9d010da19ae0. Source unchanged; proof in wave4/ci.json.
0x800250F0,func_800250F0,48,BT07,buffered_stream_service_800250F0,VERIFIED-BODY,verified_body,Astra / BT07-small,-g0 -O2 -mips2 -G 0 -non_shared,0,cloud/matches/boot_tail/func_800250F0.c,https://github.com/cabi24/SFRush2049-decomp/pull/63,BT07-small; peer-reviewed full relocated MATCH and exact-head CI PASS at aeba70fc / run 37155038665. Source and CI provenance: wave3/reviewed_sources.json and wave3/ci.json. No cartridge or maintainer acceptance.
0x80025120,func_80025120,48,BT07,buffered_stream_service_80025120,VERIFIED-BODY,verified_body,Astra / BT07-small,-g0 -O2 -mips2 -G 0 -non_shared,0,cloud/matches/boot_tail/func_80025120.c,https://github.com/cabi24/SFRush2049-decomp/pull/63,BT07-small; peer-reviewed full relocated MATCH and exact-head CI PASS at aeba70fc / run 37155038665. Source and CI provenance: wave3/reviewed_sources.json and wave3/ci.json. No cartridge or maintainer acceptance.
0x80025150,func_80025150,44,BT07,buffered_stream_service_80025150,VERIFIED-BODY,verified_body,Astra / BT07-small,-g0 -O2 -mips2 -G 0 -non_shared,0,cloud/matches/boot_tail/func_80025150.c,https://github.com/cabi24/SFRush2049-decomp/pull/63,BT07-small; peer-reviewed full relocated MATCH and exact-head CI PASS at aeba70fc / run 37155038665. Source and CI provenance: wave3/reviewed_sources.json and wave3/ci.json. No cartridge or maintainer acceptance.
0x800251A8,func_800251A8,188,BT07,buffered_stream_service_800251A8,VERIFIED-BODY,verified_body,Astra / BT07-medium,-g0 -O2 -mips2 -G 0 -non_shared,0,cloud/matches/boot_tail/func_800251A8.c,https://github.com/cabi24/SFRush2049-decomp/pull/64,Paired source/ABI review and exact source-head Verify 37156783599 PASS on cbd048e6d03710fe828c8844de4d9d010da19ae0. Source unchanged; proof in wave4/ci.json.
0x80025264,func_80025264,72,BT07,buffered_stream_service_80025264,VERIFIED-BODY,verified_body,Astra / BT07-medium,-g0 -O2 -mips2 -G 0 -non_shared,0,cloud/matches/boot_tail/func_80025264.c,https://github.com/cabi24/SFRush2049-decomp/pull/64,Paired source/ABI review and exact source-head Verify 37156783599 PASS on cbd048e6d03710fe828c8844de4d9d010da19ae0. Source unchanged; proof in wave4/ci.json.
0x800252AC,func_800252AC,552,BT07,start_stream_from_table,COMPLETE-NONMATCH,nonmatch,Astra / BT07-stream-pair,-g0 -O2 -mips2 -G 0 -non_shared,44,cloud/work/boot_tail/BT07-stream-pair/func_800252AC.c,,BT07-stream-pair; exact peer source/ABI PASS. Complete bounded nonmatch; zero match credit. 13 bounded forms; O2 44/138 no excess; O1 136/138 plus28; source ABI/layout/host checks pass; needs source scheduling evidence.
0x800254D4,func_800254D4,192,BT07,stop_selected_stream,VERIFIED-BODY,verified_body,Astra / BT07-followon,-g0 -O2 -mips2 -G 0 -non_shared,0,cloud/matches/boot_tail/func_800254D4.c,https://github.com/cabi24/SFRush2049-decomp/pull/65,Exact peer source/ABI PASS and source-head Verify 37158886171 success on 57cbafc3bb0672a2632cfc0a40794f4da488275d. Unchanged source; proof in wave5/ci.json.
0x80025594,func_80025594,92,BT07,stop_stream_by_token,VERIFIED-BODY,verified_body,Astra / BT07-followon,-g0 -O2 -mips2 -G 0 -non_shared,0,cloud/matches/boot_tail/func_80025594.c,https://github.com/cabi24/SFRush2049-decomp/pull/65,Exact peer source/ABI PASS and source-head Verify 37158886171 success on 57cbafc3bb0672a2632cfc0a40794f4da488275d. Unchanged source; proof in wave5/ci.json.
0x800255F0,func_800255F0,128,BT07,query_stream_busy,COMPLETE-NONMATCH,nonmatch,Astra / BT07-followon,-g0 -O2 -mips2 -G 0 -non_shared,2,cloud/work/boot_tail/BT07-followon/func_800255F0_NONMATCH.c,,BT07-followon; exact peer source/ABI PASS. Complete bounded nonmatch; zero match credit. Bounded20 O2 forms; exact geometry with two boolean-result allocation words; needs authentic result-type/lifetime evidence.
0x80025670,func_80025670,220,BT07,update_stream_byte_settings,VERIFIED-BODY,verified_body,Astra / BT07-followon,-g0 -O2 -mips2 -G 0 -non_shared,0,cloud/matches/boot_tail/func_80025670.c,https://github.com/cabi24/SFRush2049-decomp/pull/65,Exact peer source/ABI PASS and source-head Verify 37158886171 success on 57cbafc3bb0672a2632cfc0a40794f4da488275d. Unchanged source; proof in wave5/ci.json.
0x8002574C,func_8002574C,604,BT07,buffered_stream_service_8002574C,VERIFIED-BODY,verified_body,Astra / BT07-decoder-facing-callers,-g0 -O2 -mips2 -G 0 -non_shared,0,cloud/matches/boot_tail/func_8002574C.c,https://github.com/cabi24/SFRush2049-decomp/pull/75,"BT07-decoder-facing-callers; fresh source/ABI peer PASS, full relocated604-byte body and exact ELF extent; PR75 exact-head CI success. Caller-only scope and valid buffer/callback/counter domains remain explicit."
0x800259A8,func_800259A8,268,BT07,query_stream_ratio,VERIFIED-BODY,verified_body,Astra / BT07-larger,-g0 -O2 -mips2 -G 0 -non_shared,0,cloud/matches/boot_tail/func_800259A8.c,https://github.com/cabi24/SFRush2049-decomp/pull/65,Exact peer source/ABI PASS and source-head Verify 37158886171 success on 57cbafc3bb0672a2632cfc0a40794f4da488275d. Unchanged source; proof in wave5/ci.json.
0x80025AB4,func_80025AB4,436,BT07,bind_or_load_stream_table,COMPLETE-NONMATCH,nonmatch,Astra / BT07-stream-pair,-g0 -O2 -mips2 -G 0 -non_shared,45,cloud/work/boot_tail/BT07-stream-pair/func_80025AB4.c,,BT07-stream-pair; exact peer source/ABI PASS. Complete bounded nonmatch; zero match credit. 13 bounded forms; O2 45/109 no excess; O1 94/109 plus11; source ABI/host checks pass; needs expression allocation evidence.
0x80025C68,func_80025C68,284,BT07,initialize_stream_service,VERIFIED-BODY,verified_body,Astra / BT07-larger,-g0 -O2 -mips2 -G 0 -non_shared,0,cloud/matches/boot_tail/func_80025C68.c,https://github.com/cabi24/SFRush2049-decomp/pull/65,Exact peer source/ABI PASS and source-head Verify 37158886171 success on 57cbafc3bb0672a2632cfc0a40794f4da488275d. Unchanged source; proof in wave5/ci.json.
0x80025D84,func_80025D84,60,BT07,buffered_stream_service_80025D84,VERIFIED-BODY,verified_body,Astra / BT07-small,-g0 -O2 -mips2 -G 0 -non_shared,0,cloud/matches/boot_tail/func_80025D84.c,https://github.com/cabi24/SFRush2049-decomp/pull/63,BT07-small; peer-reviewed full relocated MATCH and exact-head CI PASS at aeba70fc / run 37155038665. Source and CI provenance: wave3/reviewed_sources.json and wave3/ci.json. No cartridge or maintainer acceptance.
0x80025DC0,func_80025DC0,236,BT07,shutdown_stream_service,VERIFIED-BODY,verified_body,Astra / BT07-followon,-g0 -O2 -mips2 -G 0 -non_shared,0,cloud/matches/boot_tail/func_80025DC0.c,https://github.com/cabi24/SFRush2049-decomp/pull/65,Exact peer source/ABI PASS and source-head Verify 37158886171 success on 57cbafc3bb0672a2632cfc0a40794f4da488275d. Unchanged source; proof in wave5/ci.json.
0x80025EB0,func_80025EB0,196,BT07,buffered_stream_service_80025EB0,VERIFIED-BODY,verified_body,Astra / BT07-medium,-g0 -O2 -mips2 -G 0 -non_shared,0,cloud/matches/boot_tail/func_80025EB0.c,https://github.com/cabi24/SFRush2049-decomp/pull/64,Paired source/ABI review and exact source-head Verify 37156783599 PASS on cbd048e6d03710fe828c8844de4d9d010da19ae0. Source unchanged; proof in wave4/ci.json.
0x80025F74,func_80025F74,840,BT07,buffered_stream_service_80025F74,COMPLETE-NONMATCH,nonmatch,Astra / BT07-decoder-facing-callers,-g0 -O2 -mips2 -G 0 -non_shared,2,cloud/work/boot_tail/BT07-decoder-facing-callers/func_80025F74.c,,"BT07-decoder-facing-callers; fresh recovered source/ABI peer PASS. Complete bounded nonmatch; zero matching credit. Caller-only reconstruction with genuine external decoder interface; decoder/T050/out-of-census descendants remain excluded. Valid aligned buffers, positive capacity, callback lifetime and stated counter domains required."
0x800262BC,func_800262BC,108,BT07,buffered_stream_service_800262BC,VERIFIED-BODY,verified_body,Astra / BT07-medium,-g0 -O2 -mips2 -G 0 -non_shared,0,cloud/matches/boot_tail/func_800262BC.c,https://github.com/cabi24/SFRush2049-decomp/pull/64,Paired source/ABI review and exact source-head Verify 37156783599 PASS on cbd048e6d03710fe828c8844de4d9d010da19ae0. Source unchanged; proof in wave4/ci.json.
0x80026328,func_80026328,32,BT07,buffered_stream_service_80026328,VERIFIED-BODY,verified_body,Astra / BT07-small,-g0 -O2 -mips2 -G 0 -non_shared,0,cloud/matches/boot_tail/func_80026328.c,https://github.com/cabi24/SFRush2049-decomp/pull/63,BT07-small; peer-reviewed full relocated MATCH and exact-head CI PASS at aeba70fc / run 37155038665. Source and CI provenance: wave3/reviewed_sources.json and wave3/ci.json. No cartridge or maintainer acceptance.
0x80026348,func_80026348,12,BT07,buffered_stream_service_80026348,VERIFIED-BODY,verified_body,Astra / BT07-small,-g0 -O2 -mips2 -G 0 -non_shared,0,cloud/matches/boot_tail/func_80026348.c,https://github.com/cabi24/SFRush2049-decomp/pull/63,BT07-small; peer-reviewed full relocated MATCH and exact-head CI PASS at aeba70fc / run 37155038665. Source and CI provenance: wave3/reviewed_sources.json and wave3/ci.json. No cartridge or maintainer acceptance.
0x80026360,func_80026360,504,BT08,packed_stream_decoder_80026360,HYPOTHESIS,open,,,,,,C17; role/ABI unproved; metadata scan leads only; unclaimed matching target. Blocked-for-scoring: Direct jal reaches at/beyond declared text_end; maintainer must classify target (opcode_audit.json); no out-of-range bytes inspected.
0x80026558,func_80026558,232,BT08,packed_stream_decoder_80026558,HYPOTHESIS,open,,,,,,C17; role/ABI unproved; metadata scan leads only; unclaimed matching target. Blocked-for-scoring: Direct jal reaches at/beyond declared text_end; maintainer must classify target (opcode_audit.json); no out-of-range bytes inspected.
0x80026640,func_80026640,656,BT08,packed_stream_decoder_80026640,HYPOTHESIS,open,,,,,,C17; role/ABI unproved; metadata scan leads only; unclaimed matching target. Blocked-for-scoring: Depends on 0x80026558 with unclassified out-of-census callees; resolve boundary/callee classification before decoder matching.
0x800268D0,func_800268D0,3840,BT08,packed_stream_decoder_800268D0,HYPOTHESIS,open,,,,,,C17; role/ABI unproved; metadata scan leads only; unclaimed matching target. Blocked-for-scoring: Depends on 0x80026558 with unclassified out-of-census callees; resolve boundary/callee classification before decoder matching.
